35.511997,9.734111,2026-04-22 21:58:16.209015040,1,10160,265,30
35.548033,9.776724,2026-04-22 21:58:58.45667584,4,10636,217,19
35.474612,9.866692,2026-04-22 22:00:04.140953344,1,7130,269,40
35.591617,9.83528,2026-04-22 22:00:45.522773504,1,7441,222,42
35.595323,9.759759,2026-04-22 22:00:58.161696768,4,10131,217,17
43.949741,2.864707,2026-04-22 22:01:09.941186304,1,13931,73,88
43.948539,2.869085,2026-04-22 22:01:09.941189888,1,14712,94,124
43.986488,2.861458,2026-04-22 22:01:09.941214464,1,10181,182,107
43.959166,2.852312,2026-04-22 22:01:09.941207808,1,14196,150,91
43.874472,2.744256,2026-04-22 22:01:09.941241344,1,14846,142,76
43.953607,2.842859,2026-04-22 22:01:09.941268480,1,13428,227,62
43.935834,2.816323,2026-04-22 22:01:09.941264640,1,9948,228,42
43.995935,2.884463,2026-04-22 22:01:09.941286912,1,7114,168,31
43.965281,2.867188,2026-04-22 22:01:09.941272320,1,10658,227,17
35.571487,9.794324,2026-04-22 22:01:30.671961088,1,9003,262,17
35.355942,10.086462,2026-04-22 22:03:14.60297472,1,11318,224,25
35.363701,10.066033,2026-04-22 22:03:14.60291840,1,8000,249,22
35.552571,9.82038,2026-04-22 22:03:34.84254976,4,10548,217,16
35.462896,10.000666,2026-04-22 22:05:26.629261056,1,6035,269,29
35.553922,9.783279,2026-04-22 22:07:07.160601600,1,14986,264,59
35.546501,9.799337,2026-04-22 22:07:07.160602368,1,7418,222,46
35.615814,9.806282,2026-04-22 22:07:07.160623616,1,6158,243,30
35.587686,9.816117,2026-04-22 22:07:07.357855232,1,8045,265,314
35.472686,9.813669,2026-04-22 22:07:07.357871872,1,11040,243,297
35.544269,9.792102,2026-04-22 22:07:07.357897216,1,3583,247,279
35.5328,9.78386,2026-04-22 22:07:07.357890304,1,6253,211,266
35.397125,9.713,2026-04-22 22:07:07.357841664,1,9678,249,253
35.56192,9.812192,2026-04-22 22:07:07.357904128,4,9837,232,31
35.620485,9.766856,2026-04-22 22:08:21.151382784,1,11199,248,156
35.688123,9.785142,2026-04-22 22:08:21.151400704,1,8917,250,141
35.697895,9.775597,2026-04-22 22:08:21.151400192,1,12423,214,122
35.717039,9.797533,2026-04-22 22:08:21.151405312,1,6360,252,102
35.850564,9.826706,2026-04-22 22:08:21.151455232,1,12679,245,83
35.794797,9.798452,2026-04-22 22:08:21.151424768,1,9415,260,61
35.647012,9.767125,2026-04-22 22:08:21.151384064,1,4750,246,28
35.596229,9.815966,2026-04-22 22:08:21.151366912,4,12054,250,19
35.695446,9.775586,2026-04-22 22:10:06.769414400,1,10750,221,40
35.71694,9.787747,2026-04-22 22:10:06.769412352,1,10150,228,33
35.664972,9.75878,2026-04-22 22:10:06.769398016,1,10392,253,25
35.372636,10.189642,2026-04-22 22:10:12.835328256,1,11739,260,128
35.407325,10.191074,2026-04-22 22:10:12.835333120,1,4051,228,113
35.720187,10.203212,2026-04-22 22:10:30.271351296,1,10917,244,59
35.788291,10.175505,2026-04-22 22:10:30.271360768,1,4203,243,46
45.663692,1.81802,2026-04-22 22:10:54.625948672,1,14905,240,86
45.711969,1.868092,2026-04-22 22:10:54.626046976,1,14168,225,78
45.718141,1.869954,2026-04-22 22:10:54.626041600,1,10316,224,65
45.694738,1.838839,2026-04-22 22:10:54.626035456,1,8946,255,52
35.414565,10.19874,2026-04-22 22:10:12.835325440,4,12905,217,18
35.285235,10.042175,2026-04-22 22:12:22.974027776,1,14714,250,71
35.336393,10.086431,2026-04-22 22:12:22.974032384,1,7560,242,54
35.522642,10.130816,2026-04-22 22:12:22.974094848,1,12851,256,40
35.501995,9.913414,2026-04-22 22:12:23.196994560,1,9502,229,87
35.357533,9.99802,2026-04-22 22:12:23.196928512,1,9625,244,73
35.365132,10.067838,2026-04-22 22:12:39.246859008,1,10197,224,29
35.516135,9.953291,2026-04-22 22:13:23.841756416,1,7057,248,168
35.457114,9.946232,2026-04-22 22:13:23.841729024,1,3319,256,155
35.472153,9.959893,2026-04-22 22:13:23.841730816,1,2370,213,136
35.500033,9.956381,2026-04-22 22:13:23.841739776,1,5091,245,118
35.486178,9.97652,2026-04-22 22:13:23.841738752,4,6128,217,21
35.3228,10.068988,2026-04-22 22:15:35.245284864,1,10658,268,74
35.3503,10.086165,2026-04-22 22:15:35.245282816,1,10569,257,59
35.352089,10.021769,2026-04-22 22:15:35.245303552,1,10971,248,43
35.384476,9.907231,2026-04-22 22:15:58.450821632,1,3573,258,27
35.672943,9.808611,2026-04-22 22:16:18.933261056,1,14156,264,64
35.619992,9.815541,2026-04-22 22:16:18.933244672,1,11620,240,52
45.764287,1.337514,2026-04-22 22:16:29.697231872,1,10362,65,285
45.764756,1.350239,2026-04-22 22:16:29.697234688,1,14915,76,268
45.776006,1.321405,2026-04-22 22:16:29.697255168,1,7086,238,248
45.82523,1.329587,2026-04-22 22:16:29.697260800,1,8800,268,234
45.779054,1.307543,2026-04-22 22:16:29.697249792,1,6774,130,222
45.773056,1.318354,2026-04-22 22:16:29.697242624,1,11703,118,209
45.788936,1.311901,2026-04-22 22:16:29.697256448,1,10242,111,191
45.769767,1.301465,2026-04-22 22:16:29.697244672,1,8668,214,172
45.793681,1.363882,2026-04-22 22:16:29.697331456,1,11414,259,154
45.76501,1.308175,2026-04-22 22:16:29.697304832,1,9100,238,141
45.7508,1.307705,2026-04-22 22:16:29.697308416,1,10460,235,127
45.821083,1.33372,2026-04-22 22:16:29.697324032,1,5187,156,102
45.713539,1.261855,2026-04-22 22:16:29.697284096,1,7474,261,81
45.722728,1.222666,2026-04-22 22:16:29.697275392,1,12248,252,66
35.418175,10.045572,2026-04-22 22:17:22.406661632,1,10744,255,33
35.432916,10.089333,2026-04-22 22:17:22.406654720,1,14583,235,24
35.308083,10.053975,2026-04-22 22:17:57.997941760,1,11720,265,23
35.475877,10.061123,2026-04-22 22:21:01.755676160,4,14357,268,21
35.67401,9.900899,2026-04-22 22:22:02.935082752,1,11112,234,44
35.279955,10.208122,2026-04-22 22:22:50.233758720,1,13727,249,304
35.354847,10.139526,2026-04-22 22:22:50.233845248,1,13693,245,286
35.306506,10.137656,2026-04-22 22:22:50.233841664,1,9649,232,273
35.265982,10.144975,2026-04-22 22:22:50.233823232,1,10557,248,240
35.339848,10.121656,2026-04-22 22:22:50.233845760,1,6472,227,223
35.327483,10.125772,2026-04-22 22:22:50.233839872,1,3784,227,209
35.342005,10.157699,2026-04-22 22:22:50.233853440,4,12999,233,26
35.321607,10.153072,2026-04-22 22:22:50.578592768,4,6331,218,20
35.443167,10.182275,2026-04-22 22:23:18.12224256,1,10600,254,85
35.22537,10.156355,2026-04-22 22:23:18.12147712,1,5197,250,72
35.38717,10.168397,2026-04-22 22:23:18.12196352,1,8069,270,56
35.328998,10.174902,2026-04-22 22:23:18.12178176,1,6361,260,37
45.589647,1.94663,2026-04-22 22:23:32.566722816,1,11028,245,77
45.585386,1.9576,2026-04-22 22:23:32.566788096,1,13286,228,59
45.590666,1.941768,2026-04-22 22:23:32.566794240,1,9394,125,45
45.645355,2.028413,2026-04-22 22:23:32.566810624,1,8534,258,26
35.314208,10.149877,2026-04-22 22:25:22.975026432,1,6304,248,103
35.330999,10.149362,2026-04-22 22:25:22.975026688,1,4101,257,85
35.33967,10.135119,2026-04-22 22:25:22.975024640,1,7937,268,55
35.313196,10.11508,2026-04-22 22:25:22.975016448,1,4154,252,36
35.307954,10.110794,2026-04-22 22:25:22.975011840,1,11173,247,23
35.426823,10.174577,2026-04-22 22:25:36.730990848,1,5847,264,56
35.444436,10.174179,2026-04-22 22:25:36.730995968,1,8472,223,43
35.413356,10.171279,2026-04-22 22:26:31.67271680,4,8458,217,27
35.586026,10.217651,2026-04-22 22:26:58.24405504,4,14532,245,24
35.368842,10.171769,2026-04-22 22:26:58.24267264,1,3640,260,173
35.250882,10.209908,2026-04-22 22:26:58.24285184,1,10877,244,320
35.409347,10.171715,2026-04-22 22:26:58.24342016,1,5131,248,307
35.403067,10.150622,2026-04-22 22:26:58.24338688,1,6355,234,294
35.426369,10.141788,2026-04-22 22:26:58.24343808,1,7322,240,280
35.077639,10.047366,2026-04-22 22:26:58.24250624,1,13355,251,265
35.439148,10.167792,2026-04-22 22:26:58.24346368,1,6350,269,252
35.424322,10.150074,2026-04-22 22:26:58.24340224,1,8207,269,239
35.465034,10.149167,2026-04-22 22:26:58.24351744,1,6955,256,224
35.465556,10.046599,2026-04-22 22:31:16.103960320,1,14379,223,40
35.487176,10.046617,2026-04-22 22:31:16.103951104,1,9186,248,21
35.411029,10.181508,2026-04-22 22:32:58.549985280,1,8736,264,21
35.434601,10.165355,2026-04-22 22:32:09.190753792,4,6247,232,27
35.458311,10.024073,2026-04-22 22:32:55.31033856,4,8941,217,25
35.316994,10.086088,2026-04-22 22:33:21.108272640,1,13534,244,245
35.513375,10.036245,2026-04-22 22:33:21.108336384,1,2591,258,219
35.496054,10.029028,2026-04-22 22:33:21.108329728,1,3586,239,206
35.46665,10.032112,2026-04-22 22:33:21.108314368,1,6447,212,193
35.481384,10.02605,2026-04-22 22:33:21.108318976,1,4865,245,179
35.510532,10.049426,2026-04-22 22:33:21.108324096,1,14434,245,165
35.50134,10.173084,2026-04-22 22:33:28.342298624,1,10159,252,31
35.45119,10.182706,2026-04-22 22:33:32.482599936,1,5016,223,23
35.470795,10.046137,2026-04-22 22:33:21.108321536,4,9475,217,27
35.323318,10.306977,2026-04-22 22:35:36.218679296,1,13929,224,46
35.34067,10.363118,2026-04-22 22:35:36.218674688,1,6885,250,39
35.456733,10.393614,2026-04-22 22:35:36.218716160,1,12528,200,31
35.386983,10.347476,2026-04-22 22:35:36.221687296,1,12654,223,23
35.378797,10.326835,2026-04-22 22:35:36.221674752,1,4631,249,20
35.314661,10.208838,2026-04-22 22:35:48.955437824,1,11325,250,54
35.342139,10.18446,2026-04-22 22:35:48.955431936,1,7841,253,30
35.394635,10.169708,2026-04-22 22:36:29.664900864,1,7096,223,16
35.384668,10.268438,2026-04-22 22:36:34.381743104,1,12208,223,28
35.438057,10.048084,2026-04-22 22:37:17.675521536,1,8059,223,43
35.495229,10.041523,2026-04-22 22:37:17.675538688,1,9629,243,35
35.164745,10.244668,2026-04-22 22:40:35.741788160,1,8030,262,78
35.358245,10.20812,2026-04-22 22:40:35.741857024,1,8299,244,63
35.466128,10.230341,2026-04-22 22:40:35.741885440,1,9456,243,50
35.348196,10.341199,2026-04-22 22:40:35.741849344,1,9315,263,37
34.771876,7.213953,2026-04-22 22:40:41.81538048,1,9029,232,35
34.877209,7.204854,2026-04-22 22:40:41.81555200,1,7986,235,48
34.758489,7.187914,2026-04-22 22:40:41.81522432,1,2282,262,23
35.405492,10.131752,2026-04-22 22:41:03.36394496,4,9999,217,18
35.321893,10.260178,2026-04-22 22:45:10.265458432,1,8864,243,164
35.367862,10.255536,2026-04-22 22:45:10.265466624,1,5480,247,153
35.358635,10.240648,2026-04-22 22:45:10.265463040,1,5776,226,141
35.268052,10.25691,2026-04-22 22:45:10.265431808,1,6440,250,128
35.417443,10.254661,2026-04-22 22:45:10.265479936,1,3738,254,117
35.386707,10.284581,2026-04-22 22:45:10.265467136,4,11151,217,22
42.940085,42.64122,2026-04-22 22:56:08.722207488,1,8228,263,83
35.356298,10.407911,2026-04-22 22:57:20.203506944,1,13181,254,32
35.333749,10.393029,2026-04-22 22:57:20.203496960,1,12716,255,18
45.602598,1.649492,2026-04-22 22:57:22.376787712,1,5267,103,16
45.6037,1.632012,2026-04-22 22:57:22.376793088,1,6432,133,348
45.60911,1.657534,2026-04-22 22:57:22.376795648,1,2574,114,328
45.636626,1.647107,2026-04-22 22:57:22.376805888,1,4717,230,313
45.620791,1.644039,2026-04-22 22:57:22.376803328,1,4153,232,298
45.617096,1.650988,2026-04-22 22:57:22.376802816,1,3069,231,282
45.655536,1.638684,2026-04-22 22:57:22.376814848,1,2585,245,269
45.614072,1.625913,2026-04-22 22:57:22.376798976,1,1778,243,252
45.612991,1.635995,2026-04-22 22:57:22.376801536,1,8787,216,226
35.462942,10.480656,2026-04-22 22:57:33.255691520,1,13963,264,56
35.433611,10.407305,2026-04-22 22:57:33.255673600,1,5009,270,43
35.388301,10.461299,2026-04-22 22:57:33.255649536,1,6488,255,30
35.328486,10.40027,2026-04-22 22:58:16.439403520,1,10035,261,23
34.691732,7.244812,2026-04-22 22:58:25.816835328,1,6495,258,135
34.724233,7.25665,2026-04-22 22:58:25.816842240,1,4633,264,112
34.745836,7.253403,2026-04-22 22:58:25.816852736,1,7962,234,98
34.225021,7.276537,2026-04-22 23:00:06.902779904,1,8429,252,83
35.282712,10.387252,2026-04-22 23:00:42.731550208,1,13996,264,23
35.409374,10.298232,2026-04-22 23:00:42.880619008,1,8313,249,31
35.347067,10.371818,2026-04-22 23:00:53.286470912,1,10140,224,18
34.627309,7.366904,2026-04-22 23:00:06.902932480,4,13422,262,14
34.698111,7.285942,2026-04-22 23:01:30.263750656,1,4974,268,165
34.67774,7.249749,2026-04-22 23:01:30.263744768,1,2817,248,150
34.800771,7.250791,2026-04-22 23:01:30.263784704,1,13724,260,133
34.621544,7.259287,2026-04-22 23:01:30.263723776,4,9067,241,22
35.291618,10.416586,2026-04-22 23:03:36.850914304,4,14693,252,32
35.299143,10.371629,2026-04-22 23:05:00.512155392,1,8571,256,62
35.298408,10.380605,2026-04-22 23:05:00.512147968,1,5151,216,51
35.400709,10.3607,2026-04-22 23:05:00.512180480,1,10443,260,35
35.289482,10.382481,2026-04-22 23:05:00.981556480,1,7956,224,32
35.318399,10.377139,2026-04-22 23:05:00.981558784,1,6734,231,19
35.360739,10.376702,2026-04-22 23:06:43.396132864,1,8299,268,24
34.667235,7.282436,2026-04-22 23:06:23.174998784,4,4851,257,20
35.312257,10.381866,2026-04-22 23:08:26.281834496,1,3978,243,237
35.275212,10.36808,2026-04-22 23:08:26.281825024,1,6368,233,222
35.300939,10.377946,2026-04-22 23:08:26.281829120,1,4882,268,199
35.298321,10.372377,2026-04-22 23:08:26.281828608,1,7777,249,181
35.34748,10.375242,2026-04-22 23:08:26.281846784,1,8939,248,152
35.180567,10.385088,2026-04-22 23:08:56.261563648,1,11438,250,185
35.320278,10.401712,2026-04-22 23:08:56.261601792,1,11168,239,172
35.293007,10.407796,2026-04-22 23:08:56.261586432,4,5538,252,24
35.281311,10.414449,2026-04-22 23:08:56.520696832,4,9439,234,20
35.302829,10.443438,2026-04-22 23:11:17.423854336,1,13216,224,42
35.34037,10.437498,2026-04-22 23:11:17.423858688,1,10455,244,26
35.668719,10.592794,2026-04-22 23:17:26.647502336,1,14561,246,276
35.231621,10.435505,2026-04-22 23:17:26.647349504,1,11731,240,271
35.16149,10.37397,2026-04-22 23:17:26.647322624,1,9753,260,258
35.204166,10.45584,2026-04-22 23:17:26.647342592,4,7461,252,28
41.563277,12.540511,2026-04-22 23:21:02.214434048,1,13585,137,32
41.540953,12.581304,2026-04-22 23:21:02.214414592,1,10170,164,19
41.509,12.504155,2026-04-22 23:21:02.227357952,1,14384,212,32
41.543028,12.511556,2026-04-22 23:21:02.227358208,1,3984,155,19
45.553046,1.78644,2026-04-22 23:21:08.559122944,1,7901,158,26
45.586009,1.80377,2026-04-22 23:21:08.559135488,1,5792,158,71
45.586253,1.777132,2026-04-22 23:21:08.559199488,1,14385,236,49
45.567074,1.733971,2026-04-22 23:21:08.559177984,1,5164,264,27
41.62997,12.487425,2026-04-22 23:23:15.968773120,1,11792,268,86
41.584481,12.57566,2026-04-22 23:23:15.968836096,1,11433,218,73
41.549151,12.51823,2026-04-22 23:23:15.968816640,1,6700,212,61
41.542795,12.524644,2026-04-22 23:23:15.968812288,1,7494,263,44
41.574512,12.514655,2026-04-22 23:23:15.968822784,1,7811,211,27
41.510692,12.541185,2026-04-22 23:23:16.59314432,1,7088,140,34
47.839321,-17.264375,2026-04-22 23:26:42.758088192,1,7306,186,68
45.975955,1.055268,2026-04-22 23:27:03.508622848,1,6958,232,106
45.965979,1.046166,2026-04-22 23:27:03.508619008,1,5777,139,96
45.960483,1.04558,2026-04-22 23:27:03.508619264,1,7832,116,80
45.975888,1.131147,2026-04-22 23:27:03.508708608,1,4562,258,67
45.955945,1.041434,2026-04-22 23:27:03.508680704,1,6836,137,51
45.947677,1.020985,2026-04-22 23:27:03.754623744,1,14569,121,30
45.95173,1.0814,2026-04-22 23:27:03.754625792,1,9348,111,17
45.973668,1.174119,2026-04-22 23:51:05.755398144,1,13142,259,86
45.87481,1.127337,2026-04-22 23:51:05.755365376,1,9990,218,73
45.860299,0.991458,2026-04-22 23:51:05.755323904,1,14033,227,55
45.937678,1.14106,2026-04-22 23:51:05.755374080,1,6394,143,39
40.868968,1.963399,2026-04-23 00:21:13.446516224,1,7355,218,124
40.80354,1.907401,2026-04-23 00:21:13.446505472,1,3526,254,109
40.905646,1.96577,2026-04-23 00:21:13.446610944,1,12801,182,94
40.908946,1.983712,2026-04-23 00:21:13.446603264,1,11692,177,81
40.851399,1.929205,2026-04-23 00:21:13.446584576,1,4678,251,63
40.93458,1.9944,2026-04-23 00:21:13.446614016,1,3947,256,38
37.7825,13.898446,2026-04-23 01:00:17.560357376,1,6094,218,304
37.783946,13.919263,2026-04-23 01:00:17.560362496,1,9210,220,306
37.814449,13.90476,2026-04-23 01:00:17.560436736,1,12365,209,290
37.787119,13.880945,2026-04-23 01:00:17.560435712,1,13879,200,277
37.819493,13.894281,2026-04-23 01:00:17.560436992,1,5299,246,262
37.927374,13.911631,2026-04-23 01:00:17.560465664,1,4680,267,216
37.874525,13.903728,2026-04-23 01:00:17.560448512,1,5745,262,203
37.779435,13.916803,2026-04-23 01:00:17.560422912,4,11185,195,27
37.807374,13.898084,2026-04-23 01:00:17.732706048,4,9255,195,18
47.592786,-17.406166,2026-04-23 01:06:12.966067456,1,7794,185,94
37.705044,13.920754,2026-04-23 01:08:05.957030400,1,10882,230,289
37.758979,13.928927,2026-04-23 01:08:05.957037824,1,4150,261,283
37.767777,13.922771,2026-04-23 01:08:05.957040128,1,10140,246,269
40.310648,2.842587,2026-04-23 01:13:21.377428992,4,12427,194,20
45.284154,-15.158891,2026-04-23 01:40:17.662733824,1,11651,194,43
40.593183,1.801258,2026-04-23 02:12:16.812175104,1,12706,256,29
47.858481,-17.279158,2026-04-23 02:18:36.144351232,1,7625,186,30
48.010942,-17.350681,2026-04-23 02:56:43.434306048,1,14371,245,45
48.678466,-13.510563,2026-04-23 03:11:13.801831936,1,9154,262,69
47.996401,-17.215983,2026-04-23 03:40:54.176383488,1,10993,183,38
40.874746,1.972977,2026-04-23 03:45:44.668163328,1,7272,218,112
40.826149,1.919314,2026-04-23 03:45:44.668220416,1,11864,264,82
40.877458,1.960277,2026-04-23 03:45:44.668228864,1,3410,240,70
40.88772,1.97093,2026-04-23 03:45:44.668230400,1,2098,240,55
40.899229,1.908862,2026-04-23 03:45:44.668237568,1,5950,246,27
34.122432,11.777105,2026-04-23 04:00:38.88789504,1,9364,252,78
37.526416,-24.58031,2026-04-23 04:01:07.790362624,1,8031,224,149
47.944316,-17.486723,2026-04-23 04:08:09.675601408,1,11587,189,55
47.905714,-17.492985,2026-04-23 04:21:00.418106112,1,11819,188,67
54.099222,30.491142,2026-04-23 04:30:18.957501184,1,8503,193,395
54.12917,30.628749,2026-04-23 04:30:18.957474816,1,3807,248,385
54.143611,30.538433,2026-04-23 04:30:18.957491968,1,4565,187,372
54.155737,30.567246,2026-04-23 04:30:18.957484800,1,8969,219,358
54.138641,30.278371,2026-04-23 04:30:18.957541888,4,12214,166,43
36.091395,-24.196993,2026-04-23 04:31:30.87628032,1,7757,246,18
34.250542,11.76128,2026-04-23 04:48:50.487266816,1,3993,243,26
34.12224,11.711415,2026-04-23 04:53:14.500280320,1,4481,237,255
34.169073,11.695885,2026-04-23 04:53:14.500300288,1,4940,266,270
34.281231,11.903131,2026-04-23 04:56:58.121547776,1,8730,270,55
34.091826,11.700833,2026-04-23 04:56:58.121528832,1,3947,244,27
34.115788,11.504971,2026-04-23 05:06:52.940406784,1,8941,267,27
34.210361,11.305739,2026-04-23 05:10:56.966084352,1,9586,252,74
34.210683,11.247037,2026-04-23 05:10:56.966087680,1,5423,266,201
40.954623,2.823454,2026-04-23 05:28:06.513809408,1,14544,202,20
40.77463,3.003096,2026-04-23 05:51:17.196675840,1,9310,228,38
40.42038,36.359495,2026-04-23 08:10:36.236365568,4,10460,269,23
41.070298,3.544809,2026-04-23 09:03:28.925900544,1,8442,191,30
40.337355,36.6589,2026-04-23 09:40:00.842589184,1,10364,265,28
40.047508,38.328072,2026-04-23 09:56:00.128713984,1,9451,268,27
40.220147,36.724635,2026-04-23 09:57:10.559735808,1,11937,265,18
40.38538,36.600957,2026-04-23 09:57:10.625509120,1,3678,265,61
40.398588,36.557143,2026-04-23 09:57:10.718764288,1,5133,265,73
39.948369,37.401151,2026-04-23 09:58:57.556683264,1,9224,257,21
40.102026,38.187686,2026-04-23 10:03:15.538923776,1,11047,255,148
40.441121,37.394664,2026-04-23 10:10:33.950985984,1,13159,265,115
40.686369,37.051526,2026-04-23 10:10:33.951165184,4,13320,243,28
40.480695,36.980093,2026-04-23 10:10:34.651585536,4,10905,244,28
40.42362,37.630563,2026-04-23 10:16:14.677012480,1,11628,261,219
40.626069,37.280887,2026-04-23 10:16:14.677193472,4,13239,244,28
40.371554,37.551606,2026-04-23 10:17:45.944230656,1,6101,265,17
37.212865,13.76276,2026-04-23 11:08:31.319204608,1,14521,246,28
40.439849,38.762319,2026-04-23 11:12:55.291172864,1,8752,267,34
38.562902,21.208325,2026-04-23 11:16:25.785746688,1,11296,264,155
38.567826,21.226312,2026-04-23 11:23:06.624845312,1,5643,198,37
38.474094,21.236722,2026-04-23 11:23:06.638165248,1,9822,64,30
38.527689,21.204285,2026-04-23 11:23:54.570829056,1,14676,99,197
38.485141,21.255244,2026-04-23 11:23:54.570824960,1,8099,258,176
38.552864,21.233373,2026-04-23 11:23:54.570844416,1,10181,203,154
39.09882,20.788891,2026-04-23 11:23:54.571076096,4,14297,261,23
38.584567,21.233336,2026-04-23 11:28:13.472609536,1,10411,265,121
38.581016,21.274846,2026-04-23 11:28:13.472601344,1,10617,200,100
38.502382,21.255193,2026-04-23 11:28:13.504398336,1,14221,100,33
38.536558,21.275189,2026-04-23 11:28:13.504460800,1,12615,178,23
34.757474,8.060619,2026-04-23 12:58:07.365179904,1,14935,242,19
37.841585,21.893423,2026-04-23 13:00:04.629298944,1,3748,257,46
34.74691,8.060019,2026-04-23 13:00:32.219734272,1,13473,242,28
34.698621,8.052214,2026-04-23 13:00:32.413828608,1,9512,232,22
39.345218,36.79818,2026-04-23 13:00:57.923034624,1,13422,264,26
34.961067,8.44062,2026-04-23 13:01:11.181871104,1,13147,229,27
38.714022,21.136354,2026-04-23 13:01:16.484361728,1,9855,199,89
38.728498,21.124698,2026-04-23 13:01:16.484368896,1,12624,195,76
38.717768,21.11553,2026-04-23 13:03:41.940309760,1,12881,76,116
38.562352,21.125493,2026-04-23 13:03:41.940265216,1,13901,265,167
38.696433,21.161491,2026-04-23 13:03:41.940353280,1,14866,196,133
38.699005,21.12707,2026-04-23 13:07:10.332087808,1,14368,119,39
34.589516,1.723545,2026-04-23 13:12:54.915323392,1,6239,267,24
34.591352,1.726386,2026-04-23 13:12:54.934117888,1,7892,250,96
34.543414,1.703773,2026-04-23 13:12:54.934094592,1,4315,255,84
34.607824,1.739444,2026-04-23 13:12:54.934118912,4,13882,255,13
35.094488,8.433402,2026-04-23 13:13:36.73969920,1,4531,256,66
34.925856,8.416574,2026-04-23 13:13:36.73961472,1,14644,230,41
34.899743,8.465611,2026-04-23 13:15:06.525531136,1,14010,229,20
38.695987,21.162004,2026-04-23 13:16:15.316751104,1,11532,70,19
34.93706,8.457942,2026-04-23 13:16:24.671694336,1,10466,261,21
34.860326,8.436481,2026-04-23 13:16:44.146998272,1,7761,230,36
34.882708,8.445772,2026-04-23 13:16:44.146997504,1,6422,236,19
34.868524,8.478302,2026-04-23 13:16:08.233454848,4,12642,224,19
34.523339,3.043644,2026-04-23 13:18:10.704503808,1,6864,233,18
34.619348,7.635804,2026-04-23 13:21:53.693082112,1,12700,223,29
34.542509,7.672687,2026-04-23 13:21:53.721695232,1,12287,233,51
34.732661,7.765935,2026-04-23 13:21:53.721763328,1,11966,217,38
34.693864,7.729355,2026-04-23 13:21:53.721753600,1,14200,223,24
34.147206,1.777571,2026-04-23 13:22:29.703503872,1,12069,237,22
34.868333,8.506545,2026-04-23 13:22:52.741481216,1,12507,270,224
35.180144,8.584681,2026-04-23 13:22:52.741611776,1,12500,254,211
35.250088,8.632554,2026-04-23 13:22:52.741632256,1,9782,256,198
34.845032,8.504948,2026-04-23 13:22:52.741494272,1,10706,228,184
34.880242,8.474043,2026-04-23 13:22:52.741501696,1,10099,235,166
34.771143,8.40007,2026-04-23 13:22:52.741478912,1,7459,249,151
35.10968,8.409698,2026-04-23 13:22:52.741585408,1,11320,254,138
34.572773,8.534823,2026-04-23 13:22:52.741425920,1,13861,258,125
34.508772,8.018932,2026-04-23 13:23:01.149858304,4,11281,241,22
34.746579,8.063838,2026-04-23 13:23:01.149906432,1,4178,269,211
34.844044,7.987794,2026-04-23 13:23:01.149978112,1,11422,217,189
34.764769,8.042669,2026-04-23 13:23:01.149948672,1,5285,258,176
34.484292,7.937785,2026-04-23 13:23:01.149842944,1,6783,266,161
49.537233,30.334128,2026-04-23 13:23:25.594777600,1,13299,186,44
49.542729,30.563507,2026-04-23 13:23:25.594777088,1,8851,226,31
34.216845,2.282735,2026-04-23 13:25:08.991686144,1,6897,233,21
34.84633,8.218041,2026-04-23 13:25:23.949791744,1,4678,258,80
34.797131,8.246057,2026-04-23 13:25:23.949765376,1,9995,231,68
34.822622,8.249231,2026-04-23 13:25:23.949777920,1,4939,239,45
34.971135,8.250726,2026-04-23 13:25:23.949830144,1,5998,253,32
34.493365,3.095901,2026-04-23 13:25:37.606498304,1,12648,227,103
34.482772,3.070587,2026-04-23 13:25:37.606482176,1,6503,253,88
34.457169,3.062656,2026-04-23 13:25:37.606481152,1,7599,270,60
34.446298,3.049513,2026-04-23 13:25:37.606477312,1,4833,270,44
49.51834,30.546716,2026-04-23 13:25:46.265651456,1,7546,219,25
49.503837,30.117491,2026-04-23 13:25:46.279475712,1,12825,222,29
34.699962,8.080087,2026-04-23 13:25:51.953192960,1,6567,232,46
34.736463,8.077094,2026-04-23 13:25:51.953203456,1,9413,241,25
34.842167,8.213101,2026-04-23 13:26:07.886324224,1,10110,230,29
34.718304,8.076633,2026-04-23 13:26:09.158263040,1,5923,231,20
38.501936,21.324525,2026-04-23 13:26:50.907673088,1,13437,248,45
38.511273,21.327803,2026-04-23 13:26:50.907676928,1,6868,258,32
34.708217,8.064416,2026-04-23 13:28:24.819561216,1,3580,236,39
34.691068,8.091904,2026-04-23 13:28:24.819553024,1,3442,232,27
38.69815,21.251193,2026-04-23 13:28:45.391298048,1,8883,207,32
34.989232,8.650311,2026-04-23 13:31:11.218157568,1,14288,212,23
34.141335,1.812806,2026-04-23 13:32:15.692818176,1,14013,247,19
34.680335,8.090579,2026-04-23 13:35:24.413245696,1,14912,237,29
34.807592,8.254902,2026-04-23 13:35:39.352223232,1,7656,230,40
34.829336,8.265459,2026-04-23 13:35:39.352220928,1,10316,230,31
34.140083,2.428954,2026-04-23 13:35:28.657521664,4,14011,268,18
34.769715,7.783,2026-04-23 13:36:31.277609472,1,8529,218,19
34.64553,7.720465,2026-04-23 13:36:57.987872768,1,7696,232,37
34.605444,7.689424,2026-04-23 13:36:58.166642176,1,6335,233,30
34.678282,7.74256,2026-04-23 13:37:14.314699776,1,8020,232,16
34.827986,8.540304,2026-04-23 13:38:42.662413824,1,8043,230,18
34.850608,8.56372,2026-04-23 13:38:42.687300864,1,12852,230,33
34.841123,8.56363,2026-04-23 13:38:42.708298240,1,8343,230,49
34.647071,8.152587,2026-04-23 13:38:54.509215488,1,14397,232,22
34.863017,7.724852,2026-04-23 13:38:06.199876352,4,13106,256,24
34.645659,8.106029,2026-04-23 13:40:31.770663168,1,4280,232,38
34.652613,8.104094,2026-04-23 13:40:31.770662400,1,9929,232,24
34.648743,8.091802,2026-04-23 13:40:31.810919424,1,12765,232,29
34.641167,8.112076,2026-04-23 13:40:31.810911744,1,8174,232,30
34.677586,8.089179,2026-04-23 13:40:48.641067520,1,8969,232,19
39.480943,37.171543,2026-04-23 13:41:11.212995840,1,9675,264,171
34.713894,7.728377,2026-04-23 13:41:20.637543936,1,9594,261,89
34.645995,7.732131,2026-04-23 13:41:20.637515264,1,4498,232,71
34.674837,7.727296,2026-04-23 13:41:20.637527296,1,9871,239,54
34.6338,7.752864,2026-04-23 13:41:20.637511168,1,13093,258,36
34.680588,7.726807,2026-04-23 13:42:14.277369088,1,13085,232,15
34.56312,3.069818,2026-04-23 13:42:38.618266368,1,5633,255,21
34.388249,3.012173,2026-04-23 13:42:38.643055104,1,9388,256,76
34.545088,3.061618,2026-04-23 13:42:38.643097856,1,6978,269,62
34.51873,3.031528,2026-04-23 13:42:38.643101184,1,12431,199,25
34.807127,8.184528,2026-04-23 13:42:44.542366976,1,12101,231,40
34.684843,8.143093,2026-04-23 13:42:44.542356224,1,4231,238,27
34.711658,7.745579,2026-04-23 13:43:07.644424448,1,5077,266,56
34.654427,7.743481,2026-04-23 13:43:07.644401664,1,6530,232,42
34.630288,7.724264,2026-04-23 13:43:07.644402944,1,9534,242,23
34.505208,7.676627,2026-04-23 13:43:19.345345280,1,12565,234,49
34.489705,7.709742,2026-04-23 13:43:19.345332992,1,11582,234,31
34.641342,7.726045,2026-04-23 13:43:46.325296640,1,12215,233,28
34.622396,8.191071,2026-04-23 13:45:20.570882560,1,7545,224,22
34.637708,7.748758,2026-04-23 13:45:40.978777856,1,9891,233,14
34.674532,8.055555,2026-04-23 13:46:33.805243136,1,11243,269,172
34.88652,8.191473,2026-04-23 13:46:33.805340416,1,14309,254,159
34.74275,8.121484,2026-04-23 13:46:33.805274624,1,14512,213,145
34.640761,8.063083,2026-04-23 13:46:33.805247232,1,12979,234,130
34.707124,8.055545,2026-04-23 13:46:33.805277184,1,13886,234,117
34.740203,8.050001,2026-04-23 13:46:33.805288704,1,12435,210,104
34.786796,8.069566,2026-04-23 13:46:33.805328128,1,11769,231,91
34.601497,8.140219,2026-04-23 13:47:33.280533504,1,14244,232,60
34.653954,8.077869,2026-04-23 13:47:33.280549632,1,12143,237,46
34.676466,8.131672,2026-04-23 13:47:33.280560640,1,4813,258,33
34.655982,8.131142,2026-04-23 13:47:33.280556032,1,6479,254,21
34.62075,8.129171,2026-04-23 13:47:33.298851584,1,5382,232,28
34.726275,8.401219,2026-04-23 13:47:58.589434624,1,4215,236,54
34.717808,8.429175,2026-04-23 13:47:58.589429504,1,9786,231,41
34.834735,8.441271,2026-04-23 13:47:58.589469952,1,6165,247,20
39.981287,37.082518,2026-04-23 13:47:59.119243008,1,13754,268,20
34.700992,8.314866,2026-04-23 13:48:47.79923200,1,10345,269,151
34.628333,8.165185,2026-04-23 13:48:47.79918848,1,9057,251,141
34.651401,8.155887,2026-04-23 13:48:47.79924480,1,7907,213,129
34.47255,8.070605,2026-04-23 13:48:47.79862784,1,7332,240,115
34.621807,8.09415,2026-04-23 13:48:47.79917824,1,11357,247,102
34.790908,8.127674,2026-04-23 13:48:47.79973120,1,7836,254,84
34.653031,8.161468,2026-04-23 13:48:47.79925504,1,7069,253,67
34.079285,2.63074,2026-04-23 15:25:32.881213440,1,6985,237,40
34.070913,2.632592,2026-04-23 15:25:32.881206528,1,4426,197,24
34.092324,2.624209,2026-04-23 15:25:32.945232128,1,4392,257,55
34.235322,7.996928,2026-04-23 15:26:39.923653376,1,3398,259,26
34.274375,7.995492,2026-04-23 15:26:39.923665408,1,3690,238,50
34.25191,7.983426,2026-04-23 15:26:39.923663360,1,14159,239,35
34.028099,2.670014,2026-04-23 15:26:47.379978496,1,8325,257,79
34.087087,2.680527,2026-04-23 15:26:47.379990272,1,5620,248,57
34.222982,7.974541,2026-04-23 15:27:26.487087616,1,13293,236,56
34.240897,8.003692,2026-04-23 15:27:26.487091456,1,3227,236,43
34.284286,7.989348,2026-04-23 15:27:26.487108864,1,3316,254,28
34.249812,7.997102,2026-04-23 15:27:26.487092480,1,5700,242,14
34.102829,2.66859,2026-04-23 15:27:58.980773888,1,14926,237,33
34.02285,2.692482,2026-04-23 15:27:59.144387072,1,6218,257,26
34.389769,2.62236,2026-04-23 15:28:02.469529856,4,6742,266,29
39.390373,20.359622,2026-04-23 15:30:44.824881920,1,8730,104,93
39.449473,20.351234,2026-04-23 15:30:44.824948224,1,6994,195,51
39.968786,20.084486,2026-04-23 15:30:44.825162752,1,12827,268,25
34.611701,8.230268,2026-04-23 15:30:22.369057792,4,6938,243,20
34.306135,3.129974,2026-04-23 15:31:07.279832832,1,6602,235,46
34.33686,3.130356,2026-04-23 15:31:07.279839232,1,12433,195,31
39.391262,20.333415,2026-04-23 15:32:03.878945280,1,12590,105,24
34.274231,8.004559,2026-04-23 15:32:17.810436864,1,6416,263,189
34.219518,7.982484,2026-04-23 15:32:17.810414848,1,13302,262,177
34.17907,7.980213,2026-04-23 15:32:17.810410752,1,6010,236,161
34.615617,8.043177,2026-04-23 15:32:43.109940480,1,6634,220,29
34.654164,8.043534,2026-04-23 15:35:49.685973760,1,13554,232,41
34.656141,8.076678,2026-04-23 15:35:49.685972224,1,7932,232,26
34.193458,2.895101,2026-04-23 15:35:54.190913536,1,5215,256,35
34.205657,2.893133,2026-04-23 15:35:54.190917120,1,4280,247,19
34.202809,2.912949,2026-04-23 15:35:54.491258368,1,9225,221,22
34.573965,8.260722,2026-04-23 15:35:56.5863168,1,10462,232,38
34.645066,8.318117,2026-04-23 15:35:56.5892608,1,4516,250,23
34.715912,8.077999,2026-04-23 15:36:24.961864448,1,5923,219,15
34.578627,8.303915,2026-04-23 15:36:28.17853440,1,5832,256,61
34.574046,8.266725,2026-04-23 15:36:28.17890304,1,6173,224,39
34.585807,8.278493,2026-04-23 15:36:28.17891584,1,3131,228,25
35.480632,9.030451,2026-04-23 15:36:30.561645824,1,6769,257,56
35.255952,9.059724,2026-04-23 15:36:30.561564672,1,8301,226,42
35.37657,9.090285,2026-04-23 15:36:30.574756096,1,9686,257,76
35.266699,9.065135,2026-04-23 15:36:30.574722304,1,12689,226,63
34.91756,2.612994,2026-04-23 15:36:44.757620736,1,12515,229,23
34.610356,8.027818,2026-04-23 15:36:48.145145344,1,11244,232,21
34.447756,3.184453,2026-04-23 15:36:56.904970496,1,12635,234,43
34.672397,8.294208,2026-04-23 15:37:06.554827008,1,12639,259,93
34.427577,8.249757,2026-04-23 15:37:06.554777856,1,4536,234,78
34.637911,8.316062,2026-04-23 15:37:06.554860544,1,8954,230,46
34.325325,3.286953,2026-04-23 15:38:07.363915008,1,5059,254,21
34.834566,2.630689,2026-04-23 15:38:28.942119424,1,7991,267,81
34.846545,2.621396,2026-04-23 15:38:28.942131968,1,9415,267,68
34.850256,2.581444,2026-04-23 15:38:28.942158080,1,11356,269,46
34.902084,2.627445,2026-04-23 15:38:28.942171904,1,14633,191,34
35.862681,7.642302,2026-04-23 15:38:53.150720768,1,13843,209,34
35.882632,7.657479,2026-04-23 15:38:53.150718720,1,10768,209,20
34.588087,7.990094,2026-04-23 15:40:08.59924736,1,8581,233,28
34.59512,8.012731,2026-04-23 15:40:08.59923712,1,6363,233,21
34.428623,3.104893,2026-04-23 15:40:08.201443840,1,14908,251,189
34.65526,8.294384,2026-04-23 15:40:47.613310464,1,7632,260,110
34.780434,8.233036,2026-04-23 15:40:47.613352704,1,4695,265,97
34.58029,8.259873,2026-04-23 15:40:47.613277184,1,7379,235,84
34.598255,8.253243,2026-04-23 15:40:47.613288960,1,6283,223,66
34.593807,8.279202,2026-04-23 15:40:47.613288192,1,5089,260,51
35.618135,7.034626,2026-04-23 15:42:20.42715648,1,11864,220,318
35.569047,7.08101,2026-04-23 15:42:20.42718464,1,10749,232,302
35.863548,7.228188,2026-04-23 15:42:20.42822656,1,13875,254,287
35.653957,7.069671,2026-04-23 15:42:20.42745344,1,12621,215,247
34.239535,2.693773,2026-04-23 15:43:03.458696448,1,10473,256,103
34.279131,3.304294,2026-04-23 15:45:16.579101440,1,5370,245,21
34.517027,3.092375,2026-04-23 15:46:09.849495552,1,12226,253,18
48.969712,35.221243,2026-04-23 15:47:34.273587712,1,13944,249,149
48.936038,35.417059,2026-04-23 15:47:34.273626112,1,11705,238,134
34.424369,8.020586,2026-04-23 15:48:57.602677504,1,10962,234,56
34.575761,8.065932,2026-04-23 15:48:57.602733568,1,9875,226,38
34.681408,8.048948,2026-04-23 15:48:57.602764544,1,4999,242,25
34.286448,3.383291,2026-04-23 15:50:01.813508864,1,13730,226,29
34.884989,6.135866,2026-04-23 15:50:58.316242944,1,4795,265,67
34.94036,6.116771,2026-04-23 15:50:58.316295168,1,6448,245,53
34.297787,3.243805,2026-04-23 15:51:18.900345344,1,12526,251,64
34.331216,3.220506,2026-04-23 15:51:18.900349696,1,11373,229,51
34.296847,3.203539,2026-04-23 15:51:18.900335104,1,4398,196,33
35.856342,7.694701,2026-04-23 15:51:19.378439680,1,7034,268,90
35.758012,7.624217,2026-04-23 15:51:19.378402304,1,8479,227,75
35.623151,7.588611,2026-04-23 15:51:19.378347776,1,7216,254,61
35.824958,7.663744,2026-04-23 15:51:19.378423552,1,6979,214,48
35.821331,7.676333,2026-04-23 15:51:19.378419712,1,4959,228,34
35.907486,7.741057,2026-04-23 15:51:19.378439424,1,10221,249,20
34.448575,8.284937,2026-04-23 15:52:24.271009024,1,7793,234,39
34.528283,8.297946,2026-04-23 15:52:24.271029760,1,3795,225,26
34.82824,2.75849,2026-04-23 15:53:27.836264960,1,10037,230,41
34.86003,2.754339,2026-04-23 15:53:27.836275968,1,9668,191,27
34.556506,8.01207,2026-04-23 15:53:49.112354304,1,14265,233,24
34.495506,8.459358,2026-04-23 15:55:05.653516800,1,7235,238,24
34.284851,3.235668,2026-04-23 15:55:19.754767104,1,6568,235,51
34.984733,8.00624,2026-04-23 15:55:42.795069184,1,11756,216,19
34.659646,8.201143,2026-04-23 15:56:19.535328512,1,10428,219,22
38.593387,20.828295,2026-04-23 15:56:27.474586880,1,6004,217,90
38.617902,20.835717,2026-04-23 15:56:27.474580480,1,14631,194,68
35.532022,7.124567,2026-04-23 15:56:37.164973824,1,9609,226,21
34.571159,8.056599,2026-04-23 15:57:03.938451968,1,11091,233,19
39.499909,22.182725,2026-04-23 15:57:16.265545216,1,6152,102,60
39.563172,22.093503,2026-04-23 15:57:16.265580288,1,6743,174,59
39.568629,22.117232,2026-04-23 15:57:16.265577984,1,11779,164,46
39.579722,22.122182,2026-04-23 15:57:16.265627136,1,6262,257,29
35.541875,7.14058,2026-04-23 15:57:27.790780672,1,8625,209,80
34.2909,3.269125,2026-04-23 15:57:43.867547136,1,6735,256,146
34.364678,3.409186,2026-04-23 15:57:43.867596032,1,12248,228,166
34.55263,8.055654,2026-04-23 15:57:53.110091776,1,14355,233,31
34.536117,8.048407,2026-04-23 15:57:53.110078208,1,9313,233,16
34.973572,6.145984,2026-04-23 15:58:17.761822208,1,6291,244,32
34.960315,6.160837,2026-04-23 15:58:17.761823232,1,7612,218,21
34.297785,2.934402,2026-04-23 15:58:29.48164096,1,2690,255,23
34.274579,2.953607,2026-04-23 15:58:56.663887104,1,10643,251,230
34.269822,2.950328,2026-04-23 15:58:56.663884800,1,11183,235,215
35.511866,7.13984,2026-04-23 16:00:12.187870720,1,12676,230,30
35.52214,7.156721,2026-04-23 16:00:12.187870464,1,7680,230,19
34.507842,8.033523,2026-04-23 16:01:17.777932288,1,14026,262,72
34.548415,8.053097,2026-04-23 16:01:17.777947904,1,5118,240,59
34.557887,8.055539,2026-04-23 16:01:17.777939200,1,11168,241,45
34.319957,3.185988,2026-04-23 16:01:53.681564928,1,9021,235,48
34.32201,3.160433,2026-04-23 16:01:53.681560064,1,13304,195,31
34.587488,8.07159,2026-04-23 16:02:25.813736960,1,6164,264,24
35.140453,6.096305,2026-04-23 16:02:42.734062848,1,6331,216,30
35.743191,7.724684,2026-04-23 16:03:48.282469120,1,4662,258,101
35.965437,7.652718,2026-04-23 16:03:48.282583552,1,13184,257,66
35.923841,7.689172,2026-04-23 16:03:48.282571008,1,7185,246,54
35.123799,6.092337,2026-04-23 16:03:48.905073664,1,4082,243,21
34.821577,6.311634,2026-04-23 16:03:50.178669568,1,6566,263,167
35.055515,6.278287,2026-04-23 16:03:50.178754560,1,4092,248,152
35.009468,6.247859,2026-04-23 16:03:50.178740224,1,9902,222,138
34.436241,8.480791,2026-04-23 16:05:15.345210368,1,12494,262,73
34.421659,8.502337,2026-04-23 16:05:15.345208832,1,5702,234,60
34.427923,8.494846,2026-04-23 16:05:15.345207552,1,10342,227,47
34.44025,8.489426,2026-04-23 16:05:15.345214720,1,7302,249,31
34.456677,2.819786,2026-04-23 16:05:40.859556864,1,11311,234,23
38.765771,-3.298665,2026-04-23 16:05:53.615802368,1,9178,197,35
34.472308,8.414668,2026-04-23 16:06:33.350152448,1,14134,256,58
34.495038,8.43683,2026-04-23 16:06:33.350158336,1,7552,233,41
34.651967,8.485474,2026-04-23 16:06:33.350217216,1,5916,243,20
34.540467,8.256503,2026-04-23 16:07:28.302049536,1,4609,263,42
34.570974,8.261258,2026-04-23 16:07:28.302058240,1,6329,224,27
35.717474,7.712661,2026-04-23 16:08:03.936775424,1,12725,236,17
38.828675,-3.472467,2026-04-23 16:08:39.427295232,1,14002,180,62
38.751159,-3.268653,2026-04-23 16:08:39.427314176,1,6139,181,50
38.745452,-3.288508,2026-04-23 16:08:39.427305472,1,9408,159,36
34.455727,8.071322,2026-04-23 16:10:37.485570816,1,4122,234,54
34.573689,8.37727,2026-04-23 16:12:15.330415616,1,11542,237,28
34.715708,8.188974,2026-04-23 16:12:17.583117056,1,12666,247,41
34.728831,8.170601,2026-04-23 16:12:17.583122432,1,5883,259,28
34.760645,8.179721,2026-04-23 16:12:17.583137280,1,9728,247,14
34.725299,8.115624,2026-04-23 16:12:20.849078272,1,12950,266,93
34.454607,8.063879,2026-04-23 16:12:20.848971520,1,12649,238,80
34.369199,8.43165,2026-04-23 16:13:03.262118912,1,7128,234,19
34.429692,3.104495,2026-04-23 16:13:44.202704896,1,10375,260,58
34.663442,8.044341,2026-04-23 16:15:00.384197888,1,5889,232,24
38.753393,-3.26848,2026-04-23 16:15:18.150830080,1,11358,202,40
38.760645,-3.223387,2026-04-23 16:15:18.284733184,1,7221,186,105
35.763313,7.708166,2026-04-23 16:15:58.768488448,1,12134,227,41
35.749102,7.720728,2026-04-23 16:15:58.768484352,1,12812,210,28
34.309936,3.007119,2026-04-23 16:16:15.573025024,1,5180,231,31
34.277575,3.001631,2026-04-23 16:16:15.573009664,1,8981,200,17
34.457413,8.409277,2026-04-23 16:17:30.716634368,1,7435,233,34
34.460106,8.396458,2026-04-23 16:17:30.716635392,1,14773,233,22
34.454153,2.910304,2026-04-23 16:17:49.333767936,1,11460,219,49
34.430312,2.866652,2026-04-23 16:17:49.333751296,1,11212,194,36
34.486478,6.891298,2026-04-23 16:18:03.578681600,1,6673,235,21
34.22499,3.003006,2026-04-23 16:18:42.47452416,1,7038,236,22
34.193737,2.998537,2026-04-23 16:18:42.47438336,1,4150,229,41
34.176515,3.001073,2026-04-23 16:18:42.47434752,1,10534,196,27
35.69183,7.669103,2026-04-23 16:20:02.168059136,1,11816,265,35
35.798566,7.775082,2026-04-23 16:20:02.168105472,1,14052,205,18
35.730834,7.702367,2026-04-23 16:20:13.757489408,1,8809,235,24
34.335783,8.548286,2026-04-23 16:20:36.188362752,1,7595,234,35
34.341196,8.569306,2026-04-23 16:20:36.188356608,1,13670,240,20
34.585801,8.223068,2026-04-23 16:20:42.653833728,1,7179,232,39
34.578976,8.225721,2026-04-23 16:20:42.653824512,1,4779,255,24
34.757333,2.832169,2026-04-23 16:20:44.105835520,1,3297,251,29
34.55462,8.233142,2026-04-23 16:21:13.917278464,1,4068,261,34
34.614503,8.204224,2026-04-23 16:21:13.917290752,1,6043,220,20
34.517837,8.155152,2026-04-23 16:21:55.686815232,1,12399,233,83
34.51117,8.136238,2026-04-23 16:21:55.686813440,1,12362,233,70
34.596982,8.221833,2026-04-23 16:21:55.686846976,1,11458,223,51
34.594915,8.212017,2026-04-23 16:21:55.686852864,1,9380,253,23
34.623469,3.017729,2026-04-23 16:21:55.781545216,1,12380,226,52
34.589648,2.966076,2026-04-23 16:21:55.781526528,1,7790,269,39
34.591135,2.964826,2026-04-23 16:21:55.781531392,1,3583,269,26
34.060661,-3.068095,2026-04-23 16:25:15.859522304,1,14056,264,45
35.706235,7.67411,2026-04-23 16:25:31.392479744,1,11131,223,29
34.800927,7.820606,2026-04-23 16:25:37.987671040,1,13934,231,31
34.46305,3.07402,2026-04-23 16:25:38.1063168,1,14068,234,101
34.319682,3.052072,2026-04-23 16:25:38.1043968,1,4619,260,88
34.424745,3.039325,2026-04-23 16:25:38.1079552,1,8385,198,60
34.32839,3.026204,2026-04-23 16:25:38.16848896,1,7305,255,27
34.220265,-2.568458,2026-04-23 16:26:02.647926016,1,7331,212,42
34.303893,-2.52903,2026-04-23 16:26:02.673783808,1,8372,249,21
35.627703,7.66244,2026-04-23 16:26:30.633744384,1,14450,230,29
34.20086,3.284516,2026-04-23 16:26:35.436578560,1,9859,236,61
34.219101,3.270699,2026-04-23 16:26:35.436579584,1,5572,246,44
34.231103,3.277687,2026-04-23 16:26:35.436583168,1,5475,196,29
34.622796,8.510278,2026-04-23 16:26:49.494953728,1,8619,260,91
34.633559,8.490413,2026-04-23 16:26:49.494957824,1,6345,266,78
34.440035,8.536369,2026-04-23 16:26:49.494886912,1,5929,239,63
34.4718,8.531349,2026-04-23 16:26:49.494898176,1,3733,254,45
34.441058,8.534696,2026-04-23 16:26:49.494886656,1,7046,227,24
35.691196,7.675923,2026-04-23 16:27:40.980837632,1,13586,226,46
35.711298,7.696994,2026-04-23 16:27:40.980850688,1,7967,211,33
35.748825,7.700609,2026-04-23 16:27:40.980863488,1,7217,241,20
34.932861,7.730519,2026-04-23 16:27:49.912393472,1,10382,259,173
34.903061,7.733742,2026-04-23 16:27:49.912392704,1,10507,230,157
34.744399,7.719849,2026-04-23 16:27:49.912368384,1,7862,234,142
34.649861,7.650142,2026-04-23 16:27:49.912330240,1,5089,266,129
34.896256,7.749045,2026-04-23 16:27:49.912425984,1,7605,209,115
34.913264,7.751737,2026-04-23 16:27:49.912429312,1,6209,251,98
34.179825,3.022394,2026-04-23 16:30:11.502701824,1,8150,236,36
34.197874,3.032343,2026-04-23 16:30:11.504183296,1,7322,236,36
34.164023,3.03421,2026-04-23 16:30:11.504174080,1,5726,221,25
34.200305,3.007046,2026-04-23 16:30:11.631618816,1,7413,221,26
34.805305,7.820281,2026-04-23 16:30:31.573538816,1,7784,221,69
34.784131,7.815796,2026-04-23 16:30:31.573530880,1,11295,259,54
34.917493,7.81598,2026-04-23 16:30:31.573578240,1,8576,261,24
34.313363,-2.510421,2026-04-23 16:40:35.732740864,1,8109,206,15
34.539529,-2.002135,2026-04-23 16:43:28.372572928,1,12156,207,29
34.485823,-2.027829,2026-04-23 16:45:11.895313152,1,3514,259,37
34.551433,-1.986347,2026-04-23 16:46:23.74524672,1,6241,212,21
34.430541,3.051818,2026-04-23 16:46:25.625883392,1,7858,253,114
34.960726,6.932008,2026-04-23 16:46:56.150679296,1,6760,268,163
34.8086,6.962095,2026-04-23 16:46:56.150662400,1,9917,239,150
34.897117,8.67525,2026-04-23 16:47:22.964721152,1,9949,269,136
34.88317,8.593359,2026-04-23 16:47:22.964736512,1,9015,257,230
34.95677,8.705314,2026-04-23 16:47:22.964753920,1,14541,227,210
35.11928,8.421339,2026-04-23 16:47:22.964837120,1,13145,256,197
34.91473,8.611567,2026-04-23 16:47:22.964787456,1,6520,244,172
34.902617,8.61252,2026-04-23 16:48:01.453843456,1,4231,254,178
34.895809,8.607205,2026-04-23 16:48:01.453839104,1,2856,253,165
34.815709,8.618258,2026-04-23 16:48:01.453813760,1,9121,249,151
34.537624,-1.946517,2026-04-23 16:48:08.932940800,1,11031,213,63
34.575958,-1.98313,2026-04-23 16:48:08.932942080,1,7351,195,47
34.591867,-2.034279,2026-04-23 16:48:08.976789760,1,4908,229,75
34.57371,-1.972992,2026-04-23 16:48:52.280198400,1,7860,212,119
34.512698,-2.027953,2026-04-23 16:48:52.280208640,1,7447,213,113
34.571174,-1.951071,2026-04-23 16:48:52.280241152,1,3602,176,98
34.760755,8.617232,2026-04-23 16:48:01.453788928,4,10146,239,22
34.787412,8.649687,2026-04-23 16:50:07.990302208,1,14509,230,29
35.230516,8.841531,2026-04-23 16:51:56.958684672,1,11859,269,50
34.764785,8.572485,2026-04-23 16:51:56.958538240,1,8939,231,37
34.884246,8.566536,2026-04-23 16:51:56.958578944,1,13563,246,22
34.5474,-1.978838,2026-04-23 16:51:58.36908288,1,5006,213,93
34.772224,7.837443,2026-04-23 16:53:05.952642304,1,6547,261,66
34.762959,7.839782,2026-04-23 16:53:05.952636416,1,6028,234,53
34.863895,7.849093,2026-04-23 16:53:05.952668160,1,3519,258,33
34.973233,8.71541,2026-04-23 16:53:53.222963712,1,14675,257,43
34.747619,8.663864,2026-04-23 16:53:53.222928896,1,6348,231,30
45.119754,31.963164,2026-04-23 16:55:31.488152320,1,6768,211,93
45.045158,32.083983,2026-04-23 16:55:31.488111872,1,7416,264,76
45.216879,32.926397,2026-04-23 16:55:44.496824064,1,9709,268,49
45.227658,32.941319,2026-04-23 16:55:44.496825088,1,6776,268,35
45.239129,33.007897,2026-04-23 16:55:44.500101120,1,9663,258,23
34.647025,-1.949153,2026-04-23 16:56:10.822815488,1,4526,264,25
34.591098,-1.936346,2026-04-23 16:56:10.826598656,1,14044,207,24
34.612702,-1.963715,2026-04-23 16:56:10.847366912,1,8564,207,24
45.213467,32.899847,2026-04-23 16:56:43.875467008,1,4452,262,204
45.263228,32.811853,2026-04-23 16:56:43.875493632,1,4232,218,190
34.654218,-1.995572,2026-04-23 16:57:37.267938560,1,10326,211,69
34.641896,-1.965076,2026-04-23 16:57:37.267940096,1,7051,213,53
34.828648,8.622101,2026-04-23 16:57:38.27284224,1,12321,267,176
34.889791,8.541561,2026-04-23 16:57:38.27360512,1,12909,254,178
34.703148,8.588037,2026-04-23 16:57:38.27292928,1,14602,213,163
35.002971,8.596854,2026-04-23 16:58:03.116015616,1,11293,228,24
34.620795,7.728899,2026-04-23 16:58:08.278864896,1,13751,233,97
34.751267,7.845731,2026-04-23 16:58:08.278914048,1,7420,243,81
34.590006,-1.949218,2026-04-23 16:58:16.148583680,1,10239,212,86
34.628663,-1.957568,2026-04-23 16:58:16.148588032,1,7198,212,73
34.458855,-2.363557,2026-04-23 16:58:52.178452992,1,10783,210,19
34.759343,7.917757,2026-04-23 17:00:10.532728576,1,12588,219,40
34.994235,8.626316,2026-04-23 17:00:23.239724032,1,6025,265,156
35.076181,8.701998,2026-04-23 17:00:23.239776768,1,13493,226,209
34.909661,8.579085,2026-04-23 17:00:23.239719936,1,12830,236,196
34.88941,8.483197,2026-04-23 17:00:23.239728640,1,9974,235,183
34.732382,8.691846,2026-04-23 17:00:41.563520000,1,9994,231,20
45.470662,33.320381,2026-04-23 17:00:47.225991936,1,9103,235,18
45.599259,33.42787,2026-04-23 17:00:47.606282240,1,9428,235,74
34.385492,-1.965977,2026-04-23 17:02:44.631417344,1,14108,260,112
34.595243,-1.977459,2026-04-23 17:02:44.631496704,1,5807,229,101
34.774993,-1.939787,2026-04-23 17:02:44.728211968,1,8093,254,46
34.671649,-1.976649,2026-04-23 17:02:44.808987392,1,6037,206,32
34.650204,-1.962959,2026-04-23 17:02:44.893067520,1,4028,211,37
34.63585,-1.916585,2026-04-23 17:03:34.773570048,1,7004,212,36
45.233983,33.128549,2026-04-23 17:05:09.689484032,1,7500,228,170
34.700897,-1.91876,2026-04-23 17:05:21.800027136,1,3994,248,25
34.643158,-1.943729,2026-04-23 17:05:21.846656512,1,5133,258,52
34.693985,-1.918504,2026-04-23 17:05:21.846677504,1,4348,194,40
34.611153,-1.970613,2026-04-23 17:05:21.936608000,1,4881,258,49
34.66606,-1.948563,2026-04-23 17:05:21.936625664,1,3719,194,43
34.700547,8.715936,2026-04-23 17:05:25.878185984,1,7222,269,170
34.729397,8.674735,2026-04-23 17:05:25.878208768,1,10995,253,157
34.739029,8.688894,2026-04-23 17:05:25.878203904,1,13246,231,139
34.679723,8.597546,2026-04-23 17:05:25.878206720,1,9246,261,116
34.984974,8.630265,2026-04-23 17:05:36.641148928,1,12938,217,31
35.003142,8.604334,2026-04-23 17:05:36.641143552,1,10745,216,18
34.800202,-1.571881,2026-04-23 17:05:54.879519744,1,9994,211,79
34.750788,-1.60484,2026-04-23 17:05:54.879533312,1,4661,213,66
34.719325,8.666296,2026-04-23 17:06:03.233135104,1,8514,257,42
34.789231,8.679233,2026-04-23 17:06:03.233156864,1,9014,222,26
34.823774,8.669604,2026-04-23 17:06:17.463714048,1,13314,230,19
34.781984,7.771153,2026-04-23 17:06:18.668024576,1,4647,253,21
35.591797,7.747656,2026-04-23 17:06:41.955784960,1,5197,224,25
34.97461,8.620743,2026-04-23 17:07:20.767215872,1,4687,229,20
34.775231,7.766373,2026-04-23 17:07:31.738992640,1,6758,243,33
34.793892,7.778495,2026-04-23 17:07:31.738995456,1,6758,242,20
34.684561,8.516244,2026-04-23 17:08:12.680837120,1,8409,238,24
35.663526,7.798459,2026-04-23 17:08:47.367625984,1,12949,211,25
34.419677,2.902872,2026-04-23 17:10:51.74694144,4,12078,252,22
34.738233,8.730422,2026-04-23 17:11:10.807100160,1,12377,253,60
34.701194,8.735131,2026-04-23 17:11:10.807081216,1,9587,233,51
34.865286,8.682026,2026-04-23 17:11:10.807129856,1,4117,262,36
34.762268,8.739054,2026-04-23 17:11:10.807105280,1,7132,247,23
34.7063,7.754823,2026-04-23 17:11:14.578615296,1,10577,232,45
34.731872,7.777216,2026-04-23 17:11:14.578629120,1,11857,219,32
45.657902,34.021496,2026-04-23 17:12:03.671579904,1,7437,222,174
45.674848,33.982864,2026-04-23 17:12:03.671590144,1,11308,221,161
45.689991,33.800935,2026-04-23 17:12:03.671631360,1,7472,268,148
45.597761,34.114029,2026-04-23 17:12:03.671595008,1,13859,238,135
45.591664,34.118888,2026-04-23 17:12:03.671582464,1,12633,238,120
45.580996,34.093719,2026-04-23 17:12:03.671590656,1,11801,265,99
34.988577,8.577958,2026-04-23 17:12:16.143626752,1,14036,229,18
34.935918,8.59681,2026-04-23 17:12:20.832003840,1,6509,229,23
35.565052,7.719615,2026-04-23 17:13:35.87645696,1,11343,225,17
35.007209,0.89889,2026-04-23 17:15:25.303457792,1,2417,230,30
34.939484,8.88724,2026-04-23 17:15:34.184489728,1,10160,266,47
34.816569,8.70399,2026-04-23 17:15:34.184487424,1,5093,256,212
34.836999,8.703989,2026-04-23 17:15:34.184493056,1,6098,258,198
34.803938,8.716926,2026-04-23 17:15:34.184484096,1,9636,218,184
34.907035,8.686021,2026-04-23 17:15:34.184502016,1,8557,263,150
34.772175,8.67748,2026-04-23 17:15:34.184467456,4,9553,224,24
34.658191,8.767136,2026-04-23 17:15:35.451977216,4,14731,240,25
35.015637,0.875707,2026-04-23 17:16:06.594672384,1,6171,252,65
35.001543,0.877374,2026-04-23 17:16:06.594663424,1,5566,195,45
35.00729,0.870338,2026-04-23 17:16:06.594665472,1,12856,206,26
35.06394,8.862276,2026-04-23 17:16:34.160098560,1,14298,252,183
34.809361,8.875342,2026-04-23 17:16:34.160010496,1,7596,248,167
34.73231,8.712741,2026-04-23 17:16:34.159986176,1,7563,222,146
35.019877,8.740346,2026-04-23 17:16:52.363344384,1,9123,250,90
34.92065,8.615466,2026-04-23 17:16:52.363294464,1,13487,229,79
35.018508,8.611358,2026-04-23 17:16:52.363342080,1,11036,220,58
34.939451,8.065391,2026-04-23 17:16:53.775151872,1,8271,230,24
34.732433,8.751953,2026-04-23 17:17:05.779231744,1,5314,268,235
34.793456,8.771597,2026-04-23 17:17:05.779258112,1,11663,251,234
34.874011,8.707283,2026-04-23 17:17:05.779297792,1,11950,223,194
35.14552,-1.24349,2026-04-23 17:17:14.93118208,1,12452,236,17
34.936555,8.629869,2026-04-23 17:17:49.666656768,1,7877,256,34
34.94266,8.653615,2026-04-23 17:17:49.666659840,1,8768,262,18
34.884513,-1.591404,2026-04-23 17:17:54.366276352,1,6378,212,38
34.900576,-1.562069,2026-04-23 17:17:54.366290688,1,8743,216,21
35.11877,8.796195,2026-04-23 17:17:05.779377408,4,13901,251,26
35.133828,0.869619,2026-04-23 17:18:18.608049920,1,6054,251,170
35.067113,0.872777,2026-04-23 17:18:18.608034560,1,7026,249,157
34.813334,-1.884645,2026-04-23 17:18:35.532403968,1,5808,247,54
34.793881,-1.909225,2026-04-23 17:18:35.555996416,1,5270,205,18
34.911169,8.635909,2026-04-23 17:18:43.687722752,1,10138,229,24
45.060802,32.690393,2026-04-23 17:18:53.645431552,1,1975,260,344
45.291899,32.048211,2026-04-23 17:18:53.645622016,1,4845,257,326
35.034566,8.457179,2026-04-23 17:18:19.791666432,4,14321,237,37
34.972513,8.447423,2026-04-23 17:18:19.791677184,4,14933,251,24
35.048753,8.396956,2026-04-23 17:20:43.954772480,1,14530,216,23
34.997881,8.459185,2026-04-23 17:20:44.244340224,1,4715,260,351
35.026838,8.457584,2026-04-23 17:20:44.244352512,1,9678,255,345
35.028982,8.454546,2026-04-23 17:20:44.244358912,1,6990,231,327
35.010673,8.438051,2026-04-23 17:20:44.244350720,1,3551,269,313
34.995855,8.443724,2026-04-23 17:20:44.244345856,1,7386,217,300
34.975608,8.43608,2026-04-23 17:20:44.244375552,1,10450,244,285
34.98255,8.466183,2026-04-23 17:20:44.244375040,1,9903,231,271
45.272369,32.886169,2026-04-23 17:20:13.965240576,4,13312,235,32
35.002621,8.449472,2026-04-23 17:20:44.244345088,4,12126,237,33
34.826897,8.491475,2026-04-23 17:20:44.319225856,4,4214,238,26
34.612253,8.6057,2026-04-23 17:21:43.344461312,1,10135,250,17
45.219892,33.224103,2026-04-23 17:22:10.176667648,1,5131,228,118
45.159826,33.370598,2026-04-23 17:22:10.176669184,1,7993,258,105
34.845474,8.594428,2026-04-23 17:22:18.70515456,1,11473,234,111
34.861659,8.630261,2026-04-23 17:22:18.70525952,1,8183,238,99
34.96489,8.631256,2026-04-23 17:22:18.70549504,1,6182,254,86
34.987226,8.626971,2026-04-23 17:22:18.70569728,1,13948,240,73
34.725771,-1.931138,2026-04-23 17:22:30.454837504,1,2409,255,35
34.709914,-1.934094,2026-04-23 17:22:30.525872384,1,4649,255,27
35.118163,0.8619,2026-04-23 17:22:42.138951424,1,6198,194,22
34.876687,8.657981,2026-04-23 17:22:48.715054080,1,14521,258,109
34.899388,8.632571,2026-04-23 17:22:48.715060480,1,11671,229,96
34.907695,8.64621,2026-04-23 17:22:48.715065088,1,6557,236,80
35.095417,8.519838,2026-04-23 17:22:48.715141632,1,14648,259,66
35.173007,8.575011,2026-04-23 17:22:48.715164416,1,8718,255,53
35.025267,8.472161,2026-04-23 17:23:04.781594368,1,14124,262,107
35.053523,8.54592,2026-04-23 17:23:04.781607680,1,5209,237,94
35.149929,8.522166,2026-04-23 17:23:04.781638656,1,5715,225,80
35.215401,8.471631,2026-04-23 17:23:04.781664256,1,3646,259,63
35.113915,8.542591,2026-04-23 17:23:04.781627648,1,2598,268,47
35.046249,8.554879,2026-04-23 17:23:04.781606400,1,4653,242,29
34.787124,-1.917695,2026-04-23 17:23:44.209267712,1,4819,256,86
34.827206,-1.908167,2026-04-23 17:23:44.209286656,1,2479,225,70
34.843009,-1.879508,2026-04-23 17:23:44.258067200,1,2749,264,49
34.953423,8.72732,2026-04-23 17:25:17.585894400,1,12654,267,14
34.860396,-1.994334,2026-04-23 17:25:58.38103552,1,13583,248,18
35.133261,-1.267512,2026-04-23 17:26:12.579352064,1,7668,243,42
35.082709,-1.27664,2026-04-23 17:26:12.579337216,1,13228,204,27
35.133405,-1.258866,2026-04-23 17:26:13.34192128,1,10080,245,19
35.158936,-1.198035,2026-04-23 17:26:20.428551936,1,4763,204,48
34.858853,-1.883479,2026-04-23 17:26:55.464752896,1,6024,247,50
34.858426,-1.900957,2026-04-23 17:26:55.464738048,1,11218,193,35
34.886508,-1.885501,2026-04-23 17:26:55.588665856,1,6560,210,54
34.912328,-1.898888,2026-04-23 17:26:55.588668416,1,7120,192,36
35.473595,7.83311,2026-04-23 17:26:04.650316800,4,6785,234,17
34.853378,8.64564,2026-04-23 17:27:14.334195456,1,12344,230,37
34.907463,8.696635,2026-04-23 17:27:14.334213888,1,13282,233,24
35.057522,0.94724,2026-04-23 17:27:14.971123712,1,6025,252,109
34.762953,8.860331,2026-04-23 17:27:46.488023040,1,10026,230,30
35.546095,7.8002,2026-04-23 17:28:07.496002816,1,14773,225,23
34.632608,7.754692,2026-04-23 17:28:24.862756352,1,4469,251,55
35.058925,8.448664,2026-04-23 17:30:34.224825344,1,10400,256,204
35.08728,8.440295,2026-04-23 17:30:34.224837376,1,14820,252,188
35.078445,8.486665,2026-04-23 17:30:34.224829696,1,7891,209,175
35.039383,8.408851,2026-04-23 17:30:34.224822016,1,13534,243,146
34.717658,8.370887,2026-04-23 17:30:34.224746240,4,10796,239,28
34.714152,7.823385,2026-04-23 17:30:59.97357568,1,14957,223,25
45.609178,34.439982,2026-04-23 17:33:02.502075904,1,14766,185,98
45.644938,34.364126,2026-04-23 17:33:02.502092032,1,6814,225,85
45.591573,34.478172,2026-04-23 17:33:02.502052864,1,5583,263,68
45.52866,33.88554,2026-04-23 17:33:03.40994560,1,9892,238,21
34.70054,8.775272,2026-04-23 17:33:42.247163392,1,5858,231,23
45.259796,33.760132,2026-04-23 17:35:06.54116352,1,11897,209,80
45.249437,33.752386,2026-04-23 17:35:06.54109440,1,9136,180,67
45.243681,33.815483,2026-04-23 17:35:06.54093568,1,5983,258,51
45.255756,33.818453,2026-04-23 17:35:06.54096640,1,7521,260,36
45.311543,33.239225,2026-04-23 17:35:06.88604928,1,11312,249,113
34.864277,8.976219,2026-04-23 17:35:33.336178176,1,6382,256,121
34.627407,8.814251,2026-04-23 17:35:33.336119808,1,9914,259,111
34.59249,8.78189,2026-04-23 17:35:33.336113664,1,6893,232,98
34.704844,8.836984,2026-04-23 17:35:33.336151552,1,4635,236,83
34.754237,8.862093,2026-04-23 17:35:33.336169472,1,3367,237,67
34.856049,8.580865,2026-04-23 17:35:43.352597504,1,10962,253,23
34.805558,8.859725,2026-04-23 17:35:48.189972992,1,6328,253,33
34.689707,8.774575,2026-04-23 17:35:48.189971968,1,13262,231,22
34.696105,8.747242,2026-04-23 17:35:48.203169792,1,11204,236,46
34.492597,8.803253,2026-04-23 17:35:48.203119104,1,9668,255,30
35.135708,8.273414,2026-04-23 17:35:51.118334208,1,7038,267,75
35.206265,8.234658,2026-04-23 17:35:51.118360832,1,14292,227,58
35.21894,8.239185,2026-04-23 17:35:51.118402816,1,11702,257,40
35.142779,8.248407,2026-04-23 17:35:51.118381312,1,10908,224,23
34.665069,8.833287,2026-04-23 17:35:33.336133632,4,10432,240,18
44.926192,32.551711,2026-04-23 17:36:54.155640064,1,12315,231,31
44.787869,32.809843,2026-04-23 17:36:54.155628800,1,14225,209,35
44.892532,32.530435,2026-04-23 17:36:54.171217664,1,8386,267,66
44.982074,32.214104,2026-04-23 17:36:54.175412224,1,10583,256,39
44.872687,32.565503,2026-04-23 17:36:54.175313664,1,4849,267,27
35.361919,1.062697,2026-04-23 17:38:09.937617408,1,14362,260,38
34.975406,0.916435,2026-04-23 17:38:09.937479936,1,5094,227,28
34.85907,8.727905,2026-04-23 17:38:12.876066304,1,8331,230,35
34.849437,8.736962,2026-04-23 17:38:12.876056832,1,8164,230,21
45.486253,34.266525,2026-04-23 17:38:37.199607040,1,8744,244,29
45.52371,34.608163,2026-04-23 17:38:37.818567168,1,7082,231,262
45.51723,34.587462,2026-04-23 17:38:37.818572800,1,3381,231,247
45.619131,34.316572,2026-04-23 17:38:37.818651136,1,7631,223,233
45.514671,34.585177,2026-04-23 17:38:37.818570496,4,6822,202,30
45.526726,34.365734,2026-04-23 17:38:37.929382400,4,14683,201,23
35.051257,0.994816,2026-04-23 17:40:06.331409408,1,6601,217,24
35.492352,7.973984,2026-04-23 17:41:01.537864448,1,9255,262,118
35.46596,7.854175,2026-04-23 17:41:01.537885952,1,14456,253,105
35.57405,7.809202,2026-04-23 17:41:01.537923584,1,5582,258,92
35.395781,7.850671,2026-04-23 17:41:01.537862656,1,9527,228,78
35.470216,7.863979,2026-04-23 17:41:01.537879296,1,11373,214,63
35.521297,7.812996,2026-04-23 17:41:01.537903104,1,8709,248,49
35.429441,7.821047,2026-04-23 17:41:01.537875456,1,6789,221,28
45.58905,34.805415,2026-04-23 17:41:03.130084864,1,3583,255,29
45.5843,34.807113,2026-04-23 17:41:03.143886336,1,12875,216,23
45.724008,34.856612,2026-04-23 17:41:03.498573312,1,6104,245,36
45.589649,34.219671,2026-04-23 17:41:03.578853632,1,10791,226,27
45.539844,33.976074,2026-04-23 17:41:03.990962688,1,6695,178,213
35.013195,8.611107,2026-04-23 17:41:32.614559488,1,6816,269,51
34.998915,8.629779,2026-04-23 17:41:32.614596096,1,10471,216,39
35.031591,8.600425,2026-04-23 17:41:32.614605568,1,6562,246,25
34.987208,8.618652,2026-04-23 17:41:50.439320576,1,7237,246,20
35.082096,8.63092,2026-04-23 17:42:20.368632576,1,14956,211,28
45.557807,34.759037,2026-04-23 17:42:54.293838336,1,10776,239,37
45.798043,34.994587,2026-04-23 17:42:54.612173824,1,5390,242,230
45.768913,34.931796,2026-04-23 17:42:54.612183040,1,5184,238,216
45.265105,33.787891,2026-04-23 17:43:04.528740096,1,11328,225,39
46.949949,37.667392,2026-04-23 17:43:36.597583616,1,9471,206,29
46.967901,37.71522,2026-04-23 17:43:36.597580032,1,9089,245,58
46.966593,37.725941,2026-04-23 17:43:36.597575424,1,4655,245,40
46.968675,37.753002,2026-04-23 17:43:36.603501824,1,4428,257,37
46.962079,37.743798,2026-04-23 17:43:36.603500544,1,5438,257,22
34.970406,8.595457,2026-04-23 17:43:53.842096896,1,5796,269,133
34.982556,8.590469,2026-04-23 17:43:53.842101504,1,8613,250,172
34.982146,8.582632,2026-04-23 17:43:53.842097664,1,9126,229,157
34.912825,8.492454,2026-04-23 17:43:53.842109440,1,9115,233,139
34.911057,8.457553,2026-04-23 17:43:53.842099968,1,9170,248,124
45.42666,33.586446,2026-04-23 17:43:04.564948992,4,10797,246,39
45.60487,34.798357,2026-04-23 17:46:01.188859136,1,12252,228,58
45.595413,34.776444,2026-04-23 17:46:01.188856832,1,5900,228,45
45.587293,34.890215,2026-04-23 17:46:01.188831488,1,4245,246,31
45.469582,34.426176,2026-04-23 17:46:02.25960192,1,13866,185,60
45.542591,34.297202,2026-04-23 17:46:02.25985024,1,6741,233,47
34.939447,8.472386,2026-04-23 17:47:05.928230656,1,11664,252,80
35.213833,8.361332,2026-04-23 17:47:05.928333568,1,11551,259,53
34.929358,8.464474,2026-04-23 17:47:05.928258560,1,10050,218,41
34.95131,8.398566,2026-04-23 17:47:08.181169920,1,12181,233,30
34.571029,8.944144,2026-04-23 17:47:20.436684544,1,11585,220,32
34.907883,8.569562,2026-04-23 17:47:26.540544512,1,12895,229,64
34.897713,8.584083,2026-04-23 17:47:26.540538624,1,14178,230,51
35.028438,8.629199,2026-04-23 17:47:26.540582400,1,6658,236,35
35.157662,8.772732,2026-04-23 17:47:59.137657600,1,8876,266,115
34.789394,8.58295,2026-04-23 17:47:59.137571584,1,14477,230,93
34.956932,8.589111,2026-04-23 17:47:59.137623552,1,6599,221,63
34.954295,8.626455,2026-04-23 17:48:53.17684224,1,8142,246,37
34.94213,8.589003,2026-04-23 17:48:53.17713408,1,12566,231,24
45.250262,34.022912,2026-04-23 17:48:36.686369280,4,9575,231,43
45.50027,33.468283,2026-04-23 17:48:36.686536704,4,10939,252,34
35.143699,8.250549,2026-04-23 17:50:15.646620928,1,13135,228,68
35.041519,8.251417,2026-04-23 17:50:15.646624768,1,7378,231,54
35.07524,8.246083,2026-04-23 17:50:15.646641920,1,4553,250,39
45.576727,34.733087,2026-04-23 17:50:58.300581888,1,13530,229,24
45.56093,34.980144,2026-04-23 17:50:58.300523520,1,6188,246,24
42.411193,44.838116,2026-04-23 17:51:18.483584000,1,8784,247,154
34.93757,8.603341,2026-04-23 17:51:28.748041728,1,13016,231,54
34.91313,8.621175,2026-04-23 17:51:28.748033536,1,9526,231,41
34.926166,8.63918,2026-04-23 17:51:28.748030464,1,11656,218,30
35.220739,8.623456,2026-04-23 17:51:28.790997760,1,9383,231,30
35.151991,8.707198,2026-04-23 17:51:28.812186624,1,12512,227,38
34.963026,8.652359,2026-04-23 17:51:28.812152576,1,13593,217,23
45.575597,34.864806,2026-04-23 17:51:43.37637376,1,10788,237,62
45.504616,34.580561,2026-04-23 17:51:43.97530368,1,7044,227,40
45.589825,35.073852,2026-04-23 17:51:43.560138752,1,9379,240,30
45.69657,35.038468,2026-04-23 17:51:43.575600896,1,9396,229,111
45.693155,34.99837,2026-04-23 17:51:43.575601920,1,6887,229,92
45.237952,34.054761,2026-04-23 17:52:13.264467200,1,6188,183,55
45.260139,34.032155,2026-04-23 17:52:13.264477184,1,4135,262,42
45.273773,34.193838,2026-04-23 17:52:13.325703680,1,5809,262,58
45.480328,34.904384,2026-04-23 17:52:57.476606464,1,14732,188,25
45.498958,34.649328,2026-04-23 17:52:58.4628480,1,9736,231,72
45.514712,34.630048,2026-04-23 17:52:58.4635904,1,6512,233,73
45.501948,34.687636,2026-04-23 17:52:58.4620544,1,4804,234,54
45.249394,34.045889,2026-04-23 17:53:00.308035840,1,9941,234,180
45.23911,34.078152,2026-04-23 17:53:00.308078336,1,8590,220,158
45.631149,34.661361,2026-04-23 17:53:54.14617088,1,8370,262,40
45.540844,34.80764,2026-04-23 17:53:54.216590592,1,11944,249,31
35.052349,8.320061,2026-04-23 17:55:24.591197696,1,8146,244,33
34.568495,8.969038,2026-04-23 17:55:25.117381120,1,6982,253,111
34.553575,8.949882,2026-04-23 17:55:25.117379072,1,5601,253,98
34.585223,8.943797,2026-04-23 17:55:25.117386496,1,8916,238,85
34.871078,8.825812,2026-04-23 17:55:25.117497088,1,12673,256,67
34.658853,8.948716,2026-04-23 17:55:25.117442816,1,11995,232,51
45.235164,34.126552,2026-04-23 17:55:40.993114112,1,8709,254,89
45.558355,34.979891,2026-04-23 17:56:00.493516032,1,7996,240,39
45.55923,34.551681,2026-04-23 17:56:00.700908544,1,9786,241,30
34.777869,8.962551,2026-04-23 17:56:07.956202496,1,8822,230,32
35.018262,8.239674,2026-04-23 17:56:10.106405632,1,14252,229,19
35.043093,8.249749,2026-04-23 17:56:20.366482176,1,12312,228,23
35.102478,8.392564,2026-04-23 17:56:40.765976320,1,13940,216,24
34.844584,8.749182,2026-04-23 17:56:45.917788416,1,9087,218,19
35.03489,8.322084,2026-04-23 17:57:55.285799936,1,13082,216,30
45.627735,34.880425,2026-04-23 17:58:13.42330624,1,12207,243,47
39.692454,-6.073423,2026-04-23 17:58:28.958577920,1,11315,108,15
39.704238,-6.065942,2026-04-23 17:58:28.958589952,1,10532,171,97
35.233364,8.272345,2026-04-23 18:00:07.12364544,1,13698,209,22
35.128811,8.188861,2026-04-23 18:00:29.45549056,1,12226,215,33
45.220178,34.232561,2026-04-23 18:00:51.51867392,1,5436,264,290
45.234575,34.193133,2026-04-23 18:00:51.51882240,1,7498,227,276
45.378563,33.855434,2026-04-23 18:00:51.51982336,4,9044,246,35
34.816336,8.776059,2026-04-23 18:01:36.312771840,1,5274,230,31
45.504336,34.907211,2026-04-23 18:02:05.97823744,1,14026,188,49
45.56169,35.046879,2026-04-23 18:02:05.97788928,1,9154,247,36
45.597969,35.202305,2026-04-23 18:02:05.412413184,1,9661,244,75
45.715103,34.877899,2026-04-23 18:02:05.412507648,1,6879,228,163
45.715467,34.887283,2026-04-23 18:02:05.412508672,1,8832,228,150
45.616786,35.184886,2026-04-23 18:02:05.412467200,1,14537,244,135
45.65579,35.126788,2026-04-23 18:02:05.412483584,1,8184,254,118
34.49916,8.949032,2026-04-23 18:02:24.69073920,1,8101,258,48
34.525241,8.969579,2026-04-23 18:02:24.69082368,1,4806,236,35
34.586357,8.986886,2026-04-23 18:02:24.69103360,1,6234,211,20
38.199624,20.75953,2026-04-23 18:02:59.85934848,1,14468,99,41
45.795855,35.354312,2026-04-23 18:02:05.851192576,4,9698,241,40
38.194072,20.744553,2026-04-23 18:02:59.348320256,1,8322,135,32
34.562655,7.906189,2026-04-23 18:03:26.361896192,1,9297,249,19
34.616013,7.874666,2026-04-23 18:03:26.361955840,1,10982,220,25
34.819906,8.683239,2026-04-23 19:10:06.897478144,1,6732,258,22
34.596222,8.428082,2026-04-23 19:10:30.216594176,1,8322,259,23
34.58868,8.411556,2026-04-23 19:10:30.216589312,1,12033,259,14
44.546399,33.800847,2026-04-23 19:11:01.718702080,1,10574,268,130
44.525658,33.779731,2026-04-23 19:11:01.718699008,1,4021,257,120
44.584914,33.619898,2026-04-23 19:11:01.740530944,4,14717,241,26
44.924691,32.82535,2026-04-23 19:11:01.767261696,4,14548,251,33
44.768962,34.332354,2026-04-23 19:11:58.386071552,4,13727,270,25
39.407182,-4.800706,2026-04-23 19:55:07.614843904,1,12307,128,26
39.33111,-4.644163,2026-04-23 19:55:33.38514432,1,9590,145,19
39.304458,-4.73211,2026-04-23 19:55:33.38559488,1,12362,161,123
39.102672,-5.022623,2026-04-23 19:55:44.159756800,1,11352,190,68
40.26799,-5.457464,2026-04-23 19:55:54.3114240,1,9758,187,46
39.292211,-4.753919,2026-04-23 19:55:56.822049792,1,12309,149,48
39.39677,-4.678121,2026-04-23 19:55:56.822095104,1,7830,162,35
39.365437,-4.648935,2026-04-23 19:55:56.822087680,1,12227,270,23
39.142367,-4.59168,2026-04-23 20:10:06.279723520,1,9626,148,208
39.118863,-4.636209,2026-04-23 20:10:06.279776512,1,13653,184,172
39.751223,-5.106615,2026-04-23 20:10:33.116998144,1,13401,183,20
40.069213,-6.344136,2026-04-23 20:10:57.157540352,1,5573,146,30
39.216695,-4.960083,2026-04-23 20:11:00.896892160,1,7171,146,56
39.065074,-4.531828,2026-04-23 20:11:33.380252928,1,11504,176,31
39.343205,-4.603908,2026-04-23 20:11:40.489246976,1,9768,161,24
41.502599,-5.187078,2026-04-23 20:55:16.835326464,1,10530,157,49
41.540747,-5.179848,2026-04-23 20:55:17.98836992,1,7248,145,94
41.519129,-5.173227,2026-04-23 20:55:17.98899456,1,3750,255,76
41.503293,-5.173168,2026-04-23 20:55:17.98894080,1,4844,146,61
46.984055,37.591397,2026-04-23 20:55:31.659033600,1,5076,247,152
46.979515,37.614106,2026-04-23 20:55:31.659027712,1,6563,266,222
46.982963,38.005802,2026-04-23 20:55:31.658933248,1,9061,251,205
40.326517,-5.534895,2026-04-23 20:55:55.372621824,1,13968,165,48
40.117886,-4.661402,2026-04-23 20:56:01.619533568,1,8347,155,29
40.230389,-5.532386,2026-04-23 20:56:04.916534784,1,14750,113,43
40.256663,-5.553287,2026-04-23 20:56:04.916587776,1,4452,170,84
39.539427,-4.541998,2026-04-23 20:56:41.372656128,1,5907,171,23
39.496529,-4.700642,2026-04-23 20:56:41.392518144,1,9044,127,51
39.538794,-4.567204,2026-04-23 20:56:41.392562944,1,4452,159,44
39.230947,-4.779588,2026-04-23 20:56:41.534978304,1,11109,255,54
39.552637,-4.621368,2026-04-23 20:56:41.535100928,1,11580,179,41
39.683114,-4.629495,2026-04-23 20:56:49.613501440,1,9440,145,49
39.721878,-4.770156,2026-04-23 20:56:49.848607232,1,7222,249,30
40.524557,-4.860384,2026-04-23 21:55:04.70617600,1,14448,222,58
40.803238,-4.695939,2026-04-23 21:55:04.70708480,1,6487,258,45
40.815183,-4.626942,2026-04-23 21:55:04.353500416,1,10306,72,22
40.815754,-4.630762,2026-04-23 21:55:04.418664448,1,5362,123,232
39.910707,-4.2788,2026-04-23 21:55:12.939778560,1,10242,161,28
39.846134,-4.311178,2026-04-23 21:55:12.957355008,1,11143,206,75
39.95431,-4.236852,2026-04-23 21:55:12.957384960,1,5025,173,47
39.931816,-4.248896,2026-04-23 21:55:12.957379840,1,13039,159,32
41.340714,-7.352273,2026-04-23 21:55:30.396620288,1,4664,194,33
37.466807,15.498848,2026-04-23 21:55:50.591102464,1,10155,265,85
37.52063,15.503541,2026-04-23 21:55:50.591114496,1,6258,264,63
37.44796,15.447762,2026-04-23 21:55:50.604741376,1,4673,249,284
35.794124,-0.171218,2026-04-23 21:56:09.898192640,1,13997,233,56
35.816715,-0.198821,2026-04-23 21:56:09.898198016,1,10143,182,31
42.826428,-6.066794,2026-04-23 21:56:15.579530752,1,13869,133,62
42.82309,-6.086758,2026-04-23 21:56:15.579592960,1,9685,138,32
40.436058,-4.89523,2026-04-23 21:56:32.855920896,1,4642,175,196
40.486828,-5.030739,2026-04-23 21:57:26.977302016,1,11486,164,105
40.560382,-5.018556,2026-04-23 21:57:26.977315072,1,3759,169,78
39.502832,-4.241819,2026-04-23 21:57:28.718733824,1,12519,138,30
39.709981,-4.153587,2026-04-23 21:57:28.784232960,1,9072,188,69
38.558574,-4.762684,2026-04-23 21:57:54.837861632,1,10550,208,92
