47.025446,-11.767858,2026-04-29 21:20:15.835850240,1,12592,248,27
47.0587,-11.68555,2026-04-29 21:20:15.910518784,1,12455,247,23
42.689075,-1.000946,2026-04-29 21:20:47.281653248,1,14537,250,53
42.749863,-0.763633,2026-04-29 21:20:47.281708288,1,12867,141,39
42.753834,-0.812364,2026-04-29 21:20:47.281760000,1,12964,263,24
42.016114,-2.608037,2026-04-29 21:20:52.781189888,1,10838,72,115
42.033825,-2.653368,2026-04-29 21:20:52.781265408,1,11677,262,90
42.026359,-2.655703,2026-04-29 21:20:52.781252352,1,1960,263,41
43.043661,-3.032333,2026-04-29 21:20:18.556993536,4,8124,170,32
43.065054,-2.551849,2026-04-29 21:21:03.75648000,1,13356,262,60
43.007561,-2.557504,2026-04-29 21:21:03.75621120,1,6671,255,46
42.934521,-2.734138,2026-04-29 21:21:03.75565056,1,4590,157,26
42.961214,-2.740198,2026-04-29 21:21:03.321626624,1,10788,95,59
42.948912,-2.770217,2026-04-29 21:21:03.321687296,1,2255,265,111
42.962703,-2.762837,2026-04-29 21:21:03.321692928,1,6129,259,96
42.96114,-2.770059,2026-04-29 21:21:03.321689344,1,2502,264,75
41.835322,-3.083844,2026-04-29 21:21:12.587209728,1,13480,169,35
41.85079,-3.063494,2026-04-29 21:21:12.587222528,1,3806,269,22
41.888593,-3.058917,2026-04-29 21:21:12.853781504,1,14326,169,96
41.931863,-2.961596,2026-04-29 21:21:12.853811200,1,3159,264,70
41.916197,-2.996431,2026-04-29 21:21:12.853798656,1,5009,265,39
40.904795,-1.557644,2026-04-29 21:21:38.936024832,1,7459,136,113
40.960753,-1.540393,2026-04-29 21:21:38.936126208,1,6255,265,98
40.933824,-1.572504,2026-04-29 21:21:38.936110848,1,8929,264,86
40.8905,-1.636821,2026-04-29 21:21:38.936084992,1,4851,266,51
40.925736,-1.593752,2026-04-29 21:21:38.936100608,1,5946,254,38
40.964633,-1.590747,2026-04-29 21:21:38.936109568,1,12593,147,30
43.093153,-2.900845,2026-04-29 21:21:40.143373312,1,6307,170,206
43.125744,-2.927215,2026-04-29 21:21:40.143379712,1,11365,132,251
43.062571,-2.926046,2026-04-29 21:21:40.143393792,1,10593,150,235
42.107452,-3.044786,2026-04-29 21:21:50.21550336,1,6845,90,184
42.13469,-3.066831,2026-04-29 21:21:50.21557760,1,14836,158,167
43.293725,-2.865955,2026-04-29 21:22:27.419225600,1,4198,259,39
43.257976,-2.920027,2026-04-29 21:22:27.419221248,1,14342,92,277
43.261988,-2.94903,2026-04-29 21:22:27.419227904,1,9839,155,255
41.68406,-3.086907,2026-04-29 21:22:35.263895808,1,8519,62,23
43.108443,-2.846613,2026-04-29 21:23:02.406426368,1,5055,129,25
43.095646,-2.862112,2026-04-29 21:23:02.406420992,1,13464,129,107
43.003354,-3.076906,2026-04-29 21:23:02.406441472,1,4915,268,85
43.060304,-2.933457,2026-04-29 21:23:02.406477568,1,9346,265,69
43.107414,-2.862477,2026-04-29 21:23:02.406492672,1,6337,264,56
43.108111,-2.862268,2026-04-29 21:23:02.406490880,1,8545,259,43
41.900736,-2.950743,2026-04-29 21:23:02.852813312,1,5033,265,26
41.929029,-3.037848,2026-04-29 21:23:03.283475200,1,6198,139,349
41.926688,-3.050528,2026-04-29 21:23:03.283476480,1,4625,166,334
41.716469,23.430345,2026-04-29 21:23:10.717270528,1,9132,160,162
41.810451,23.428865,2026-04-29 21:23:10.717296896,1,9443,234,149
41.923485,23.452283,2026-04-29 21:23:10.717338880,1,10778,245,131
41.874894,-2.582237,2026-04-29 21:23:36.117393920,1,7886,73,60
41.856955,-2.648006,2026-04-29 21:23:36.117441792,1,12633,150,44
41.874112,-2.609607,2026-04-29 21:23:36.117453312,1,13620,258,27
42.001783,-2.576891,2026-04-29 21:23:36.661531904,1,14284,146,124
42.023351,-2.638352,2026-04-29 21:23:36.661515776,1,8843,261,106
41.970864,-2.684274,2026-04-29 21:23:36.661564160,1,10427,264,62
42.951597,-2.83675,2026-04-29 21:25:02.969955328,1,13934,152,45
42.953581,-2.855641,2026-04-29 21:25:02.969945088,1,7157,265,33
46.825159,-11.981437,2026-04-29 21:25:18.297658368,1,14697,252,38
46.949799,-11.808449,2026-04-29 21:25:18.297707264,1,8359,200,25
43.15396,-2.538572,2026-04-29 21:25:56.851285504,4,8770,258,20
41.604765,-2.58933,2026-04-29 21:26:01.327168768,1,10191,154,51
41.653621,-2.530659,2026-04-29 21:26:01.327192832,1,4222,263,39
41.631102,-2.573378,2026-04-29 21:26:01.327181056,1,6644,254,24
42.998121,-2.769381,2026-04-29 21:26:02.249275904,1,10756,157,48
43.02971,-2.748694,2026-04-29 21:26:02.249287936,1,10438,264,34
43.026209,-2.766702,2026-04-29 21:26:02.671599104,1,7717,162,19
43.02182,-2.75342,2026-04-29 21:26:11.176309248,1,13849,121,177
43.013246,-2.778287,2026-04-29 21:26:11.181682176,1,5800,155,263
34.110427,11.818225,2026-04-29 21:26:20.577063424,1,5310,269,24
41.101203,-1.572749,2026-04-29 21:26:25.231313664,1,12351,165,19
41.042762,-1.648121,2026-04-29 21:26:25.231348736,1,12624,165,124
41.106728,-1.574306,2026-04-29 21:26:25.231382272,1,5901,263,113
41.080178,-1.618426,2026-04-29 21:26:25.231365120,1,2487,264,58
42.996619,-2.942393,2026-04-29 21:26:26.103791872,1,9177,265,26
43.064383,-2.813802,2026-04-29 21:26:49.495167232,1,12898,84,98
43.008214,-3.070569,2026-04-29 21:26:49.495203584,1,10716,268,62
42.804248,-3.180462,2026-04-29 21:26:49.495125504,1,11920,270,49
42.799887,-3.127571,2026-04-29 21:26:49.495136256,1,5699,262,36
41.631686,-2.522915,2026-04-29 21:26:51.277060352,1,9250,82,108
41.664343,-2.546231,2026-04-29 21:26:51.277100288,1,14181,146,343
43.021867,-2.933864,2026-04-29 21:26:17.69211392,4,8837,168,31
39.113971,-2.614104,2026-04-29 21:27:12.566206720,1,12551,185,20
46.951528,-11.811491,2026-04-29 21:27:13.298929664,1,11189,231,244
46.960707,-11.856066,2026-04-29 21:27:13.298913536,1,6909,233,230
42.133114,-2.993305,2026-04-29 21:27:26.220288256,1,9338,128,48
42.182344,-2.980973,2026-04-29 21:27:26.220377600,1,8084,268,29
42.132339,-2.979473,2026-04-29 21:27:26.902795520,1,10381,80,152
42.135683,-3.012112,2026-04-29 21:27:26.902860800,1,7041,263,126
42.143084,-2.99425,2026-04-29 21:27:26.902861056,1,1934,263,113
42.092927,-3.050241,2026-04-29 21:27:26.902834688,1,4673,265,65
42.12726,-3.027548,2026-04-29 21:27:26.902851840,1,2904,253,46
37.07658,7.89768,2026-04-29 21:27:46.197840384,1,10623,252,121
43.031277,-2.754183,2026-04-29 21:27:56.486674944,1,3658,155,135
43.043992,-2.769613,2026-04-29 21:27:56.486692864,1,10950,134,141
43.037574,-2.745274,2026-04-29 21:27:56.486693376,1,5075,159,127
43.017972,-2.788472,2026-04-29 21:27:56.486747392,1,3674,268,103
43.048496,-2.769709,2026-04-29 21:27:56.486757120,1,5738,263,89
42.993336,-2.797708,2026-04-29 21:27:56.486736128,1,6970,264,70
42.930283,-2.919789,2026-04-29 21:28:05.903094016,1,14594,129,99
42.993118,-2.775929,2026-04-29 21:28:05.903130112,1,5979,257,69
42.989882,-2.780407,2026-04-29 21:28:05.903126528,1,4666,259,50
42.971821,-2.804756,2026-04-29 21:28:05.903120384,1,4265,259,33
43.046754,-2.714427,2026-04-29 21:28:05.938271232,1,14082,248,71
42.966474,-2.8223,2026-04-29 21:28:05.938222336,1,6345,267,56
42.96709,-2.828077,2026-04-29 21:28:05.938218752,1,3728,252,42
42.977848,-2.799801,2026-04-29 21:28:05.938224128,1,1404,249,27
41.798252,23.439193,2026-04-29 21:28:23.559379712,1,8908,78,96
41.80859,23.385446,2026-04-29 21:28:23.559463424,1,10331,215,75
41.835648,23.376788,2026-04-29 21:28:23.559464192,1,2695,222,62
41.791971,23.407844,2026-04-29 21:28:23.559449600,1,4209,267,49
41.729723,-3.194167,2026-04-29 21:28:25.385199360,1,14499,168,322
40.135833,7.358615,2026-04-29 21:28:34.581609728,1,11495,207,110
40.003653,7.22924,2026-04-29 21:28:34.581632000,1,8628,240,97
40.171054,7.294539,2026-04-29 21:28:34.581686784,1,6058,191,82
43.231114,-2.825813,2026-04-29 21:28:41.769246208,1,11169,83,28
43.245903,-2.786643,2026-04-29 21:28:42.390274816,1,9668,156,222
43.33174,-2.723934,2026-04-29 21:28:42.390318336,1,12903,152,200
43.207216,-2.881193,2026-04-29 21:28:42.390317056,1,3630,264,155
43.238218,-2.824622,2026-04-29 21:28:42.390336000,1,4166,262,140
40.162878,7.313929,2026-04-29 21:28:35.312526592,4,9347,189,30
40.111114,7.209792,2026-04-29 21:28:35.397703936,4,14495,190,22
41.902476,-2.706824,2026-04-29 21:28:40.149623296,4,12501,178,20
42.076699,23.797834,2026-04-29 21:30:38.765338624,1,4265,108,117
42.22411,23.671475,2026-04-29 21:30:38.765402880,1,12600,174,103
42.094748,23.798361,2026-04-29 21:30:38.765404672,1,8779,269,80
42.691203,-0.377963,2026-04-29 21:30:51.20318464,1,14041,74,36
42.711322,-0.405822,2026-04-29 21:30:51.20393984,1,11659,167,20
40.164472,7.337599,2026-04-29 21:30:53.606695168,1,12191,235,78
42.005474,-3.002938,2026-04-29 21:31:00.947345664,1,9676,165,37
41.948492,-2.905715,2026-04-29 21:31:00.957592320,1,10669,86,45
41.966723,-2.933406,2026-04-29 21:31:00.957596672,1,9674,130,263
43.069902,-2.708193,2026-04-29 21:31:14.77771776,1,2287,269,277
43.03625,-2.763162,2026-04-29 21:31:14.77755136,1,11542,123,264
43.045895,-2.74984,2026-04-29 21:31:14.77824512,1,4558,268,196
43.042668,-2.736899,2026-04-29 21:31:33.916314624,1,6434,92,191
43.090077,-2.797418,2026-04-29 21:31:33.916329216,1,14622,158,175
42.972555,-2.915485,2026-04-29 21:31:33.916344320,1,12565,266,129
43.037874,-2.746367,2026-04-29 21:31:33.916385792,1,5024,253,104
42.972106,-2.872805,2026-04-29 21:31:33.916338688,1,6076,260,86
42.99778,-2.884774,2026-04-29 21:31:33.916354816,1,7252,259,69
41.893751,-3.016946,2026-04-29 21:31:48.548825600,1,8012,163,85
41.964044,-2.981206,2026-04-29 21:31:48.548851456,1,5688,265,46
41.97082,-2.969172,2026-04-29 21:31:48.848048896,1,7527,178,89
42.993514,-2.908776,2026-04-29 21:31:57.342640896,1,12978,147,28
34.088032,11.930055,2026-04-29 21:32:13.963518720,1,8098,243,120
43.507459,-2.837393,2026-04-29 21:32:40.541268480,1,10618,119,311
43.53643,-2.867349,2026-04-29 21:32:40.541274112,1,10912,122,294
34.074752,11.958756,2026-04-29 21:32:13.963508992,4,7259,261,17
43.412518,-3.093134,2026-04-29 21:32:39.853964288,4,13380,179,30
43.469496,-2.980024,2026-04-29 21:32:40.541296384,4,6427,178,26
41.925987,-2.960219,2026-04-29 21:33:22.597652992,1,12513,190,56
42.000703,-2.535,2026-04-29 21:33:23.62885632,1,7246,130,242
42.002106,-2.563213,2026-04-29 21:33:23.62896128,1,8945,135,229
41.98015,-2.601321,2026-04-29 21:33:23.62892544,1,6095,262,197
34.001114,12.336735,2026-04-29 21:33:40.767363328,1,7343,266,91
34.010226,12.345924,2026-04-29 21:33:40.767367680,1,8294,264,80
34.043849,12.324498,2026-04-29 21:33:40.767369216,1,4899,255,60
34.011207,12.342851,2026-04-29 21:33:40.767361024,1,14770,221,46
34.021346,12.336116,2026-04-29 21:33:40.778272256,1,9191,269,26
40.932871,-1.659626,2026-04-29 21:33:42.899088128,1,7662,156,40
41.018524,-1.588955,2026-04-29 21:33:42.899114752,1,10895,174,41
41.781625,23.398905,2026-04-29 21:33:42.964669696,1,14051,152,424
41.689971,23.584312,2026-04-29 21:33:42.964650752,1,10914,223,411
41.689975,23.584306,2026-04-29 21:33:42.964657920,1,10914,265,398
41.794332,23.433215,2026-04-29 21:33:42.964709888,1,6171,210,384
41.783422,23.42446,2026-04-29 21:33:42.964707840,1,4364,212,371
43.144797,-2.471686,2026-04-29 21:33:06.217529600,4,14881,258,32
34.115455,11.999678,2026-04-29 21:33:11.584399872,4,8730,264,22
41.17066,-3.701298,2026-04-29 21:35:01.209353472,1,13066,260,50
41.797594,23.475746,2026-04-29 21:35:03.792080896,1,10536,79,138
43.096152,-2.710533,2026-04-29 21:35:37.596411392,1,10175,209,14
43.117733,-2.731203,2026-04-29 21:35:37.596421888,1,5038,200,134
42.004532,-2.729331,2026-04-29 21:35:45.334952448,1,8178,262,59
42.099477,-2.608757,2026-04-29 21:35:45.334984448,1,4887,269,43
42.080872,-2.625371,2026-04-29 21:35:45.334981888,1,4780,252,29
41.760173,-2.527207,2026-04-29 21:35:47.481736192,1,9331,121,335
41.759686,-2.553383,2026-04-29 21:35:47.481746688,1,4487,147,315
40.227772,7.361536,2026-04-29 21:35:40.310342912,4,8238,189,35
41.710906,-2.663327,2026-04-29 21:35:47.481775872,4,11166,186,29
41.307942,-1.766754,2026-04-29 21:35:59.381118464,1,13775,263,50
41.353604,-1.669264,2026-04-29 21:35:59.381135360,1,4507,262,37
41.320836,-1.709837,2026-04-29 21:35:59.381123328,1,6483,141,23
43.161128,-2.832207,2026-04-29 21:36:06.112365824,1,7813,71,128
43.165116,-2.851228,2026-04-29 21:36:06.112371968,1,7315,156,108
43.159858,-2.860251,2026-04-29 21:36:06.112429824,1,4413,266,70
43.152961,-2.891282,2026-04-29 21:36:06.112424448,1,1953,251,51
43.145563,-2.892791,2026-04-29 21:36:06.112419584,1,4183,259,36
43.15933,-0.716804,2026-04-29 21:36:28.798498816,1,14771,260,60
42.752313,-0.775976,2026-04-29 21:36:29.35464192,1,13405,69,23
42.772948,-0.771882,2026-04-29 21:36:29.35548928,1,12220,245,80
42.213834,23.837108,2026-04-29 21:36:39.814626816,1,10840,159,72
42.105905,23.906322,2026-04-29 21:36:39.814639360,1,10208,242,50
41.369793,-1.48547,2026-04-29 21:37:08.426971392,1,14865,143,107
41.364587,-1.535413,2026-04-29 21:37:08.427027456,1,6231,261,85
41.368113,-1.547055,2026-04-29 21:37:08.427029504,1,4607,264,41
41.386064,-1.466123,2026-04-29 21:37:08.945707776,1,7636,106,119
41.362443,-1.531423,2026-04-29 21:37:08.945756928,1,12289,160,109
41.401811,-1.501946,2026-04-29 21:37:08.945774592,1,3903,260,96
47.040568,-11.849423,2026-04-29 21:37:18.725749248,1,7958,240,278
42.271313,-2.534719,2026-04-29 21:36:58.967387136,4,13864,258,31
43.277377,-2.518514,2026-04-29 21:37:40.729195776,4,5393,258,27
41.905463,-3.12521,2026-04-29 21:37:56.544711680,1,12975,155,65
42.049631,-2.898726,2026-04-29 21:37:56.544764672,1,7638,264,49
42.011835,-2.958128,2026-04-29 21:37:56.544750592,1,9707,254,36
42.034149,-2.967456,2026-04-29 21:37:56.837620736,1,9493,255,26
42.004719,-2.888137,2026-04-29 21:37:57.440736512,1,8322,82,169
43.118996,-2.778457,2026-04-29 21:38:36.60457984,1,6585,159,82
43.107063,-2.834063,2026-04-29 21:38:36.60508928,1,4805,266,54
43.111286,-2.859666,2026-04-29 21:38:36.60509696,1,7376,259,41
43.03726,-2.70176,2026-04-29 21:38:36.70988544,1,4519,264,34
43.029632,-2.691373,2026-04-29 21:38:36.70987776,1,7651,264,19
43.601322,-2.581725,2026-04-29 21:38:27.280665088,4,4865,257,26
34.053157,12.212256,2026-04-29 21:38:40.334846976,4,13081,264,19
40.992187,-1.719717,2026-04-29 21:38:53.291528704,4,9960,195,18
34.07451,12.087981,2026-04-29 21:40:08.853686272,1,2734,245,33
34.025815,12.043161,2026-04-29 21:40:08.875430400,1,5583,270,89
43.099214,-2.629299,2026-04-29 21:40:21.132530432,1,9396,69,151
43.084385,-2.689529,2026-04-29 21:40:21.132587520,1,2645,265,101
43.091563,-2.680476,2026-04-29 21:40:21.132592384,1,6538,264,88
43.096513,-2.67727,2026-04-29 21:40:21.132589312,1,3239,263,65
43.099429,-2.686141,2026-04-29 21:40:21.132590080,1,7443,258,47
43.122023,-2.673611,2026-04-29 21:40:21.132600320,1,6118,149,27
41.52438,-1.396153,2026-04-29 21:40:36.831887616,1,14985,158,25
42.580909,-2.832871,2026-04-29 21:40:37.775063296,1,12893,210,61
40.229508,7.437553,2026-04-29 21:40:38.593721088,1,4541,211,60
40.285539,7.44842,2026-04-29 21:40:38.593803520,1,5059,218,47
40.243261,7.441329,2026-04-29 21:40:38.593784576,1,6183,227,33
40.304387,7.44531,2026-04-29 21:40:38.593805312,1,4899,266,14
40.203525,7.352452,2026-04-29 21:40:38.958753280,1,10955,251,42
40.246872,7.453227,2026-04-29 21:40:38.997376512,1,7929,184,168
41.419203,-4.371556,2026-04-29 21:40:49.373684736,1,7139,98,120
40.24432,7.400068,2026-04-29 21:40:38.997426688,4,14685,245,22
43.185682,-2.723039,2026-04-29 21:40:57.346115840,1,14815,87,69
43.093076,-2.780815,2026-04-29 21:41:21.336958976,1,10754,142,24
43.174705,-2.692116,2026-04-29 21:41:21.740692736,1,11358,73,67
43.171639,-2.723451,2026-04-29 21:41:21.740754688,1,3684,266,35
43.181324,-2.726807,2026-04-29 21:41:21.740754432,1,5172,258,21
43.142674,-2.723417,2026-04-29 21:41:21.833478144,1,9076,177,45
43.068688,-2.790044,2026-04-29 21:41:21.833512960,1,4261,259,27
43.173691,-2.711845,2026-04-29 21:41:22.432201984,1,6243,72,108
43.167673,-2.756988,2026-04-29 21:41:22.432194304,1,11611,243,92
43.165335,-2.760553,2026-04-29 21:41:22.432261120,1,1792,265,66
43.160694,-2.781585,2026-04-29 21:41:22.432254208,1,3588,258,52
43.188448,-2.736195,2026-04-29 21:41:22.432268288,1,2070,258,34
43.173035,-2.706222,2026-04-29 21:41:22.467558400,1,7153,89,21
43.207531,-2.720713,2026-04-29 21:41:22.467635200,1,6193,154,42
43.181535,-2.745769,2026-04-29 21:41:22.467627264,1,3178,263,27
43.177179,-2.726026,2026-04-29 21:41:22.588041472,1,10029,147,192
43.32408,-2.855559,2026-04-29 21:41:30.150968832,1,6920,104,19
43.342544,-2.871204,2026-04-29 21:41:30.150970880,1,7927,145,260
43.382351,-2.837853,2026-04-29 21:41:30.151055104,1,3921,269,177
41.584144,-1.865735,2026-04-29 21:41:39.744475904,1,10875,149,263
41.512231,-1.99094,2026-04-29 21:41:39.744525056,1,13501,159,245
43.22335,-2.637477,2026-04-29 21:41:51.643007744,1,7094,149,30
42.019356,-2.939245,2026-04-29 21:41:53.466279680,1,7695,170,119
42.033476,-2.911697,2026-04-29 21:41:53.466294016,1,11888,265,106
43.118924,-2.556536,2026-04-29 21:42:25.72916736,1,12971,103,26
43.100376,-2.566277,2026-04-29 21:42:25.270440448,1,10782,87,163
43.213493,-2.644365,2026-04-29 21:42:33.193740544,1,9664,245,28
34.499361,12.35299,2026-04-29 21:42:33.611291136,1,13800,249,237
34.115063,12.091825,2026-04-29 21:42:33.611206144,1,5182,267,224
34.096443,12.091048,2026-04-29 21:42:33.611197696,1,3275,267,211
34.078516,12.097329,2026-04-29 21:42:33.611190272,1,4058,255,196
41.371316,-3.204549,2026-04-29 21:42:53.91618816,1,11495,228,38
34.145768,12.093775,2026-04-29 21:42:33.611207680,4,11972,258,27
43.459509,-2.839215,2026-04-29 21:43:00.16459520,1,7243,264,77
43.38685,-3.174998,2026-04-29 21:43:00.16365824,1,7351,267,60
43.327634,-2.877311,2026-04-29 21:43:08.888444416,1,13556,112,336
43.339941,-2.870772,2026-04-29 21:43:08.888453120,1,11937,139,333
43.330642,-2.868519,2026-04-29 21:43:08.888452608,1,14633,130,315
34.085927,12.092267,2026-04-29 21:43:27.177403136,1,7722,255,63
34.070604,12.092872,2026-04-29 21:43:27.177393408,1,8640,244,36
34.066281,12.086955,2026-04-29 21:43:27.196132352,1,8149,266,91
41.407758,-3.181371,2026-04-29 21:43:41.430706944,1,13252,184,329
43.099759,-2.713266,2026-04-29 21:43:48.644058880,1,14071,127,47
43.133472,-2.715223,2026-04-29 21:43:48.644140544,1,6780,266,88
43.12554,-2.737204,2026-04-29 21:43:48.644137472,1,6959,262,75
43.098923,-2.818058,2026-04-29 21:43:48.644110848,1,4362,256,45
43.012995,-2.836411,2026-04-29 21:43:48.678609664,1,7105,133,26
43.047039,-2.957341,2026-04-29 21:43:04.824262912,4,10571,149,16
34.098705,12.114665,2026-04-29 21:43:27.177405696,4,7770,264,13
34.088801,12.131968,2026-04-29 21:43:27.196144640,4,12228,223,17
34.267942,11.440087,2026-04-29 21:43:56.624345344,4,10171,266,16
43.166282,-2.626889,2026-04-29 21:45:01.939561216,1,14245,108,370
43.134986,-2.570837,2026-04-29 21:45:01.939587840,1,13810,123,357
43.183237,-2.623547,2026-04-29 21:45:01.939586304,1,13673,133,342
43.367309,-2.378133,2026-04-29 21:45:01.939667968,1,11702,270,322
43.069265,-2.769261,2026-04-29 21:45:01.939537152,1,7104,264,277
41.835279,-2.400714,2026-04-29 21:45:09.350924800,1,7693,151,119
41.764058,-2.498252,2026-04-29 21:45:09.350967296,1,12571,183,102
41.825674,-2.483012,2026-04-29 21:45:09.350985472,1,6276,262,90
41.435696,-1.477069,2026-04-29 21:45:25.293456896,1,13151,154,251
42.052665,-2.847703,2026-04-29 21:45:33.78602240,1,10468,130,112
42.096376,-2.805151,2026-04-29 21:45:33.78685440,1,8758,262,79
42.081262,-2.844609,2026-04-29 21:45:33.78755584,1,3551,264,46
42.128271,-2.80995,2026-04-29 21:45:33.78775296,1,4048,257,31
43.173799,-2.559022,2026-04-29 21:45:42.454311168,1,3213,264,62
43.162665,-2.615014,2026-04-29 21:45:42.454366208,1,9219,169,50
43.146408,-2.616501,2026-04-29 21:45:42.454372608,1,10743,255,37
43.13349,-2.603946,2026-04-29 21:45:42.596494336,1,11987,106,387
43.160225,-2.630075,2026-04-29 21:45:42.596502272,1,5770,162,362
43.41118,-2.978657,2026-04-29 21:45:49.817447936,1,12572,98,56
43.200492,-2.893954,2026-04-29 21:45:49.817441280,1,6471,269,33
43.458578,-2.93845,2026-04-29 21:45:44.150563840,4,11315,176,33
43.077999,-2.653383,2026-04-29 21:46:12.923435008,1,11171,132,30
43.089995,-2.614854,2026-04-29 21:46:12.923449600,1,7164,254,18
43.180651,-2.586998,2026-04-29 21:46:13.82752768,1,8707,157,40
43.19221,-2.602132,2026-04-29 21:46:13.82765824,1,10339,157,101
43.154375,-2.637499,2026-04-29 21:46:13.82812416,1,4277,265,70
43.164379,-2.631646,2026-04-29 21:46:13.82814464,1,2798,257,54
43.169696,-2.628082,2026-04-29 21:46:13.82815232,1,2006,263,41
43.17271,-2.625154,2026-04-29 21:46:13.82816512,1,3899,143,26
43.213761,-2.531045,2026-04-29 21:46:13.144084736,1,5071,263,141
43.12218,-2.659632,2026-04-29 21:46:13.144049664,1,7275,243,125
43.155801,-2.668007,2026-04-29 21:46:13.144120064,1,2409,263,87
43.159167,-2.647865,2026-04-29 21:46:13.144124928,1,4430,258,73
41.215018,-1.390873,2026-04-29 21:46:57.548321280,1,14256,261,50
41.230587,-1.396283,2026-04-29 21:46:57.548314112,1,7371,261,37
41.202409,-1.419337,2026-04-29 21:46:57.548301312,1,10433,259,17
41.993227,23.337666,2026-04-29 21:46:24.694916096,4,12761,213,36
41.171722,-1.418217,2026-04-29 21:46:57.764998144,1,11630,129,111
41.205281,-1.421418,2026-04-29 21:46:57.765084672,1,13989,263,94
41.202373,-1.418788,2026-04-29 21:46:57.765073408,1,3032,269,47
41.180553,-1.459115,2026-04-29 21:46:57.765059840,1,13812,143,25
43.546212,-2.690573,2026-04-29 21:46:59.528265216,1,6061,249,52
43.553607,-2.670941,2026-04-29 21:46:59.528265728,1,8648,249,37
43.128979,-2.662302,2026-04-29 21:48:23.841625088,1,8048,100,77
43.12495,-2.722144,2026-04-29 21:48:23.841699584,1,3640,257,52
43.10146,-2.755377,2026-04-29 21:48:23.841689088,1,5050,264,35
43.116715,-2.711807,2026-04-29 21:48:23.841698304,1,8008,128,22
41.177335,-1.384538,2026-04-29 21:48:34.559485952,1,3714,130,17
41.221083,-1.405129,2026-04-29 21:48:34.559571712,1,14365,262,94
41.179582,-1.429682,2026-04-29 21:48:34.559545856,1,4566,258,42
41.378175,-4.478484,2026-04-29 21:48:36.383217920,1,9048,171,22
43.101848,-2.737961,2026-04-29 21:48:48.652769536,1,12444,112,33
43.185936,-2.676721,2026-04-29 21:48:48.652806400,1,5428,263,21
43.175655,-2.573623,2026-04-29 21:48:48.770040576,1,12030,73,22
43.139484,-2.679383,2026-04-29 21:48:48.770091520,1,9277,263,108
41.479073,-1.504528,2026-04-29 21:50:02.824661504,1,9889,264,25
42.081541,23.3787,2026-04-29 21:50:21.278764288,1,11844,78,38
42.085166,23.403785,2026-04-29 21:50:21.278821632,1,7701,245,25
42.072521,23.325929,2026-04-29 21:50:21.358781440,1,13533,78,107
40.30381,7.665573,2026-04-29 21:50:41.429082112,4,14791,187,18
43.268731,-2.439554,2026-04-29 21:51:10.175623680,1,12668,143,28
41.423654,-3.423051,2026-04-29 21:51:34.581479168,1,11246,269,123
41.509249,-3.353447,2026-04-29 21:51:34.581518592,1,7445,257,85
41.396432,-3.409189,2026-04-29 21:51:34.581477376,1,11871,269,62
43.270099,-2.716442,2026-04-29 21:51:42.962052096,1,13536,91,66
43.370144,-2.684699,2026-04-29 21:51:42.962156800,1,6366,270,80
43.226269,-2.827489,2026-04-29 21:51:42.962095616,1,4042,265,66
43.244198,-2.752304,2026-04-29 21:51:42.962109952,1,6820,262,53
43.198902,-2.823234,2026-04-29 21:51:42.962089216,1,10785,259,40
34.083047,12.151618,2026-04-29 21:52:11.441148160,1,6862,269,101
34.037065,12.170876,2026-04-29 21:52:11.441130496,1,4829,268,93
34.121707,12.163128,2026-04-29 21:52:11.441161728,1,3347,255,75
34.108271,12.157854,2026-04-29 21:52:11.441155584,1,8234,263,59
41.421188,-3.420696,2026-04-29 21:52:14.980957952,1,10876,154,36
41.465004,-3.354814,2026-04-29 21:52:14.980985088,1,3940,263,24
41.420795,-3.438507,2026-04-29 21:52:15.57986048,1,10490,154,69
41.470472,-3.355095,2026-04-29 21:52:15.58010368,1,5038,149,38
41.461896,-3.307718,2026-04-29 21:52:15.73141760,1,13967,102,13
41.487847,-3.338743,2026-04-29 21:52:15.73216000,1,3805,268,39
41.472127,-3.357442,2026-04-29 21:52:15.73205504,1,3991,257,21
43.303085,-2.660128,2026-04-29 21:52:23.117246464,1,13185,116,122
43.226681,-2.734653,2026-04-29 21:52:23.117287936,1,12972,160,108
43.273326,-2.715215,2026-04-29 21:52:23.117305088,1,4098,265,79
43.26217,-2.747472,2026-04-29 21:52:23.117297152,1,5135,263,66
43.258201,-2.730952,2026-04-29 21:52:23.117292800,1,6301,258,50
43.288887,-2.710588,2026-04-29 21:52:23.117305600,1,5085,137,33
43.249072,-2.596388,2026-04-29 21:52:51.40289792,1,3523,99,177
43.26071,-2.606339,2026-04-29 21:52:51.40295680,1,6683,136,197
34.12162,12.201084,2026-04-29 21:52:11.441168128,4,6757,244,19
41.234706,-1.584807,2026-04-29 21:52:21.873038592,4,13586,188,19
43.201157,-2.750356,2026-04-29 21:52:51.198494720,4,8783,168,33
43.045719,-2.883005,2026-04-29 21:53:30.606198784,1,13228,155,26
43.214503,-2.705966,2026-04-29 21:53:31.62598400,1,6988,110,15
43.164889,-2.859725,2026-04-29 21:53:31.436092672,4,10367,170,18
41.092781,-1.413585,2026-04-29 21:55:06.154119680,1,14727,212,44
41.217933,-1.322197,2026-04-29 21:55:06.154168064,1,5724,143,21
41.287245,-1.432993,2026-04-29 21:55:06.427618560,1,10101,261,34
41.159591,-1.544278,2026-04-29 21:55:06.490525952,1,14761,134,54
41.28153,-1.433943,2026-04-29 21:55:06.490567936,1,4708,261,41
41.251878,-1.46739,2026-04-29 21:55:06.490557184,1,4142,142,24
41.252823,-1.350927,2026-04-29 21:55:07.89733632,1,12092,261,83
41.205789,-1.379264,2026-04-29 21:55:07.89707264,1,3602,268,70
43.232973,-2.596786,2026-04-29 21:55:21.534231040,1,12703,110,97
43.224841,-2.67164,2026-04-29 21:55:22.380019456,1,10023,90,207
43.307199,-2.899555,2026-04-29 21:55:22.380059136,1,12251,142,183
41.38385,-1.50482,2026-04-29 21:55:32.170456576,1,10490,184,342
41.388662,-1.499457,2026-04-29 21:55:32.170461696,1,9616,187,483
41.456871,-3.416428,2026-04-29 21:55:49.45449728,1,11005,176,96
41.534804,-3.293472,2026-04-29 21:55:49.45486592,1,5434,268,79
41.530558,-3.305663,2026-04-29 21:55:49.45482240,1,4534,263,60
41.515272,-3.313941,2026-04-29 21:55:49.45474304,1,3636,254,45
41.842416,-1.1321,2026-04-29 21:55:32.170683904,4,14787,253,37
41.440814,-3.406951,2026-04-29 21:56:03.935083520,1,12991,154,48
41.524609,-3.305673,2026-04-29 21:56:03.935124224,1,4339,263,35
41.443771,-3.355185,2026-04-29 21:56:03.935097088,1,13303,258,22
41.470437,-3.336266,2026-04-29 21:56:04.3954688,1,4915,157,83
41.502072,-3.351901,2026-04-29 21:56:04.4029440,1,7578,268,70
41.514859,-3.32682,2026-04-29 21:56:04.4031488,1,5746,269,55
41.452781,-3.402477,2026-04-29 21:56:04.4004096,1,1543,268,33
43.616866,-2.69893,2026-04-29 21:56:52.443426048,1,10546,127,138
43.624484,-2.708558,2026-04-29 21:56:52.443485440,1,5485,248,94
43.553388,-2.761915,2026-04-29 21:56:52.443457536,1,2945,270,74
43.595472,-2.739704,2026-04-29 21:56:52.443473920,1,2692,256,54
43.381291,-2.364123,2026-04-29 21:56:13.861671936,4,13408,269,30
41.524483,-3.15386,2026-04-29 21:56:30.731417600,4,11362,194,28
41.778208,-2.298366,2026-04-29 21:56:40.147203072,4,13588,172,20
40.162252,7.418909,2026-04-29 21:57:02.104985600,1,7625,243,20
40.121836,7.59893,2026-04-29 21:57:04.439061504,1,12506,254,51
40.310581,7.699807,2026-04-29 21:57:04.439138304,1,6921,228,36
43.581074,-2.65127,2026-04-29 21:57:12.731935744,1,9941,109,20
40.870428,8.267434,2026-04-29 21:57:12.765805568,1,12677,215,185
40.885559,8.219426,2026-04-29 21:57:12.765826816,1,10729,250,174
40.869529,8.208143,2026-04-29 21:57:12.765815552,1,7863,250,161
40.926833,8.235589,2026-04-29 21:57:20.497226752,1,7286,227,111
40.918899,8.176666,2026-04-29 21:57:20.497288192,1,7711,221,90
40.930877,8.18321,2026-04-29 21:57:20.497284608,1,10465,171,77
40.915001,8.156877,2026-04-29 21:57:20.497283072,1,12266,227,57
40.931389,8.18263,2026-04-29 21:57:20.497286400,1,2870,243,34
40.89415,8.189981,2026-04-29 21:57:20.497276416,1,9512,225,18
39.926465,-2.599667,2026-04-29 21:57:22.778311680,1,12018,171,211
41.137517,-1.492955,2026-04-29 21:57:44.981379840,1,4354,226,332
41.12152,-1.514256,2026-04-29 21:57:44.981372672,1,9136,161,345
41.553338,-4.589354,2026-04-29 21:57:42.829113344,4,10526,188,20
43.28615,-2.657802,2026-04-29 21:58:07.841584384,1,9553,270,32
43.213008,-2.679308,2026-04-29 21:58:07.855080704,1,8683,87,90
43.211566,-2.793229,2026-04-29 21:58:07.855136256,1,7334,153,78
43.168889,-2.794943,2026-04-29 21:58:07.855117056,1,7861,266,64
41.572367,-2.923597,2026-04-29 21:58:15.99581440,1,12325,173,431
41.507912,-3.369869,2026-04-29 21:58:25.177205760,1,6401,155,32
41.448633,-3.353717,2026-04-29 21:58:18.360836096,4,14829,186,22
41.215649,-1.430923,2026-04-29 21:58:49.409281024,4,11102,188,18
43.298363,-2.638354,2026-04-29 22:00:14.931395584,1,5098,251,49
43.29771,-2.608674,2026-04-29 22:00:14.931399168,1,7789,240,34
43.286242,-2.646428,2026-04-29 22:00:14.931389952,1,7070,247,17
43.372158,-2.507229,2026-04-29 22:00:16.503732736,1,9152,268,32
43.618048,-2.651229,2026-04-29 22:00:19.267866880,1,11442,108,34
43.593108,-2.725691,2026-04-29 22:00:19.267931648,1,13417,256,20
42.372212,-2.884186,2026-04-29 22:00:27.724579072,1,10702,63,79
43.33483,-2.491962,2026-04-29 22:00:35.582830336,1,5676,82,258
43.32636,-2.534084,2026-04-29 22:00:35.582827008,1,5945,243,241
43.375839,-2.509572,2026-04-29 22:00:35.582850560,1,3299,159,228
42.313895,-3.004527,2026-04-29 22:00:27.724615680,4,7341,158,17
43.227286,-2.671364,2026-04-29 22:00:49.99749376,4,6013,168,21
43.457367,-2.337388,2026-04-29 22:01:00.9545216,1,12133,238,52
43.328934,-2.511583,2026-04-29 22:01:00.9476864,1,5219,264,25
41.288913,-1.320591,2026-04-29 22:01:19.408001280,1,14797,130,95
41.276774,-1.298994,2026-04-29 22:01:19.408012288,1,8860,158,97
41.328934,-1.290855,2026-04-29 22:01:19.408091648,1,10843,252,84
41.363548,-1.292483,2026-04-29 22:01:19.408094464,1,4700,264,70
41.293614,-1.340096,2026-04-29 22:01:19.408064256,1,7770,251,56
41.367613,-1.309629,2026-04-29 22:01:19.408096768,1,10962,261,36
41.284864,-1.334761,2026-04-29 22:01:19.856853248,1,10732,115,20
41.278679,-1.380149,2026-04-29 22:01:19.856927232,1,12098,262,107
41.310283,-1.370173,2026-04-29 22:01:19.856919296,1,9486,260,101
41.28112,-1.398234,2026-04-29 22:01:19.856909568,1,1728,270,70
41.266268,-1.407852,2026-04-29 22:01:19.856904192,1,5244,252,57
41.347515,-1.408619,2026-04-29 22:01:19.856938240,1,14722,172,41
41.232791,-1.46916,2026-04-29 22:01:20.6080512,1,11495,115,25
43.370841,-2.493734,2026-04-29 22:01:23.413794304,1,8972,85,111
43.503143,-2.481111,2026-04-29 22:01:23.413911808,1,12816,266,91
43.389547,-2.517277,2026-04-29 22:01:23.413872640,1,7650,258,73
43.348232,-2.568214,2026-04-29 22:01:23.413855744,1,8315,256,58
43.340167,-2.587351,2026-04-29 22:01:23.413845760,1,9991,257,40
43.423715,-2.541824,2026-04-29 22:01:23.413869824,1,12526,142,25
43.374584,-2.496484,2026-04-29 22:01:23.519619840,1,11072,85,73
43.38475,-2.497528,2026-04-29 22:01:23.519699200,1,4918,252,45
43.377242,-2.528789,2026-04-29 22:01:23.519688448,1,2581,248,34
41.634851,-2.973685,2026-04-29 22:01:51.839344896,1,10387,188,102
43.382009,-2.460459,2026-04-29 22:02:10.95043072,1,5181,105,305
43.370176,-2.484944,2026-04-29 22:02:10.95042304,1,6316,184,290
43.388169,-2.462382,2026-04-29 22:02:10.95049728,1,5610,269,273
43.280935,-2.572978,2026-04-29 22:02:20.768852224,1,13433,156,177
43.269901,-2.577575,2026-04-29 22:02:20.768938496,1,6351,162,297
43.284991,-2.572501,2026-04-29 22:02:20.768942592,1,9770,145,284
43.28841,-2.582046,2026-04-29 22:02:20.768932864,1,5211,262,237
43.27988,-2.590435,2026-04-29 22:02:20.768929536,1,7304,260,224
43.25924,-2.577399,2026-04-29 22:02:20.768922112,1,7972,253,207
42.417375,-2.789826,2026-04-29 22:02:42.514516480,1,12384,95,333
42.422616,-2.82866,2026-04-29 22:02:42.514518784,1,5869,134,319
43.57095,-2.786,2026-04-29 22:02:55.295983616,1,13997,138,78
43.677614,-2.656725,2026-04-29 22:02:55.296032256,1,5872,262,59
43.663253,-2.690971,2026-04-29 22:02:55.296023040,1,6223,247,49
43.323632,-2.564467,2026-04-29 22:02:10.95074304,4,8944,167,29
41.54605,-1.376377,2026-04-29 22:03:04.775197696,1,11203,178,56
41.526544,-1.379451,2026-04-29 22:03:04.775193856,1,6677,265,35
43.657046,-2.684853,2026-04-29 22:03:37.166780672,1,11425,148,46
43.684936,-2.708687,2026-04-29 22:03:37.166791168,1,5563,238,33
43.699209,-2.680203,2026-04-29 22:03:37.166792448,1,12786,237,20
43.668404,-2.721859,2026-04-29 22:03:37.359187200,1,4713,188,347
43.676918,-2.728113,2026-04-29 22:03:37.359190784,1,7350,128,330
40.215079,7.497179,2026-04-29 22:03:46.682730752,1,14438,198,68
41.249917,-1.272884,2026-04-29 22:05:12.238144768,1,11142,260,25
41.375327,-1.213831,2026-04-29 22:05:12.402715136,1,10370,266,93
41.350254,-1.32811,2026-04-29 22:05:12.402684928,1,6768,260,80
41.381212,-1.301046,2026-04-29 22:05:12.402693120,1,3261,269,58
41.31995,-1.339134,2026-04-29 22:05:12.402670080,1,3658,251,36
41.388189,-1.315378,2026-04-29 22:05:12.402698752,1,9450,257,20
41.237001,-1.392326,2026-04-29 22:05:12.804226816,1,12881,124,21
41.567118,-3.281302,2026-04-29 22:05:15.410434560,1,4738,182,17
41.5782,-3.412135,2026-04-29 22:05:15.410490880,1,13667,174,134
41.538209,-3.406084,2026-04-29 22:05:15.410488576,1,10712,269,120
41.652737,-3.269357,2026-04-29 22:05:15.410526464,1,9249,269,107
41.575533,-3.314589,2026-04-29 22:05:15.410511872,1,5119,253,63
41.765228,-4.642193,2026-04-29 22:05:25.715808512,1,13189,156,36
41.730798,-4.498593,2026-04-29 22:05:25.715808000,1,7756,266,23
41.547902,-3.35545,2026-04-29 22:05:25.752875776,1,9711,152,34
41.568137,-3.342108,2026-04-29 22:05:25.752883968,1,4782,268,19
41.517271,-3.368054,2026-04-29 22:05:25.761070080,1,11430,159,24
40.843646,8.210441,2026-04-29 22:05:51.870411008,1,5301,262,61
43.771797,-2.5168,2026-04-29 22:05:52.660813568,1,10585,255,41
43.671859,-2.660957,2026-04-29 22:05:52.666107136,1,10644,124,206
43.667293,-2.653798,2026-04-29 22:05:52.666119936,1,11075,133,276
43.783056,-2.637685,2026-04-29 22:05:52.666153728,1,8200,152,254
41.548432,-3.25457,2026-04-29 22:06:10.135632384,1,10838,106,226
41.264233,-1.231534,2026-04-29 22:06:21.122264576,1,8108,131,44
41.293184,-1.248254,2026-04-29 22:06:21.122339072,1,6244,253,32
41.354719,-1.26639,2026-04-29 22:06:21.832822272,1,9710,157,136
41.295595,-1.36889,2026-04-29 22:06:21.832861440,1,5572,162,115
41.376976,-1.292005,2026-04-29 22:06:21.832887552,1,6557,259,103
41.356031,-1.298438,2026-04-29 22:06:21.832885760,1,5245,269,86
41.351129,-1.29187,2026-04-29 22:06:21.832882432,1,7943,268,68
41.333173,-1.32685,2026-04-29 22:06:21.832873728,1,3245,251,47
41.36395,-1.305542,2026-04-29 22:06:21.832884992,1,8173,142,35
41.388973,-1.241676,2026-04-29 22:06:21.832901632,1,13340,174,17
41.361085,-1.258013,2026-04-29 22:06:34.39704320,1,4976,180,108
41.41195,-1.262424,2026-04-29 22:06:34.39799552,1,10093,260,95
41.386857,-1.298851,2026-04-29 22:06:34.39776768,1,13338,259,76
41.353858,-1.345614,2026-04-29 22:06:34.39766784,1,11738,268,56
41.353652,-1.33973,2026-04-29 22:06:34.39763200,1,12674,251,34
43.624348,-2.788238,2026-04-29 22:06:51.912448768,1,10262,160,92
43.664304,-2.865044,2026-04-29 22:06:51.937393664,4,12253,181,19
41.393016,-3.44005,2026-04-29 22:07:05.555455744,1,8777,270,123
41.52662,-3.30153,2026-04-29 22:07:05.555503616,1,8974,263,87
41.579726,-3.275157,2026-04-29 22:07:05.555519232,1,12132,256,73
43.44971,-2.425728,2026-04-29 22:07:12.648240128,1,8995,268,32
41.553237,10.624481,2026-04-29 22:07:13.989844224,1,14806,236,56
41.652778,10.616851,2026-04-29 22:07:13.989860352,1,13493,235,45
40.29885,7.601123,2026-04-29 22:07:38.600743168,4,11280,188,41
43.605316,-2.8122,2026-04-29 22:08:04.491799040,1,11097,164,27
41.255597,-1.205152,2026-04-29 22:08:23.858567936,1,4505,120,113
41.238487,-1.268882,2026-04-29 22:08:23.858616832,1,10914,163,115
41.273587,-1.227595,2026-04-29 22:08:23.858638848,1,7666,260,102
42.432025,-2.826816,2026-04-29 22:08:46.672370944,1,12926,158,84
42.384317,-2.841444,2026-04-29 22:08:46.701295616,1,7240,161,37
42.427154,-2.803688,2026-04-29 22:08:46.701318400,1,3461,251,24
42.360931,-2.960885,2026-04-29 22:08:46.738792192,1,10234,171,23
42.355498,-2.930519,2026-04-29 22:08:46.863578624,1,13203,154,56
42.422643,-2.861885,2026-04-29 22:08:46.863600640,1,3334,267,32
43.337638,-2.390081,2026-04-29 22:08:54.841282048,1,9813,82,119
43.419742,-2.344971,2026-04-29 22:08:54.841395456,1,13198,153,104
43.347724,-2.409851,2026-04-29 22:08:54.841351680,1,8257,254,82
43.342473,-2.416204,2026-04-29 22:08:54.841350656,1,7167,260,63
43.345357,-2.419453,2026-04-29 22:08:54.841349888,1,6026,261,48
43.312346,-2.492682,2026-04-29 22:08:54.841330432,1,8798,253,26
43.337324,-2.396012,2026-04-29 22:08:55.67971328,1,9206,82,205
43.353882,-2.420224,2026-04-29 22:08:55.67978240,1,7584,156,181
43.415403,-2.343365,2026-04-29 22:08:55.68076032,1,6852,269,165
41.831111,-2.597805,2026-04-29 22:10:01.577623552,1,10789,141,97
41.799493,-2.703162,2026-04-29 22:10:01.577665024,1,2988,265,48
41.814815,-2.68143,2026-04-29 22:10:01.577674496,1,2511,137,35
43.3018,-2.489033,2026-04-29 22:10:33.466279680,1,11832,161,30
43.404646,-2.448621,2026-04-29 22:10:33.466322944,1,7811,136,17
43.383542,-2.46131,2026-04-29 22:10:34.125671936,1,9950,111,228
43.477378,-2.412851,2026-04-29 22:10:34.125709568,1,4418,149,194
47.03549,-11.949018,2026-04-29 22:10:44.550505472,1,10150,249,104
40.282107,7.517864,2026-04-29 22:10:40.182298880,4,13473,188,40
41.700198,10.713189,2026-04-29 22:10:51.316205056,4,10543,180,42
43.369538,-2.463174,2026-04-29 22:11:10.387644416,1,6700,267,31
41.808564,-2.687938,2026-04-29 22:11:15.404022272,1,12640,77,166
40.32693,7.603228,2026-04-29 22:12:33.120852480,1,5539,267,376
40.277776,7.632087,2026-04-29 22:12:33.120840704,1,3926,260,403
40.267985,7.623279,2026-04-29 22:12:33.120837632,1,5430,251,387
40.220012,7.619115,2026-04-29 22:12:33.120824832,1,6694,264,372
40.319842,7.608058,2026-04-29 22:12:33.120857344,1,4164,266,356
40.284727,7.621363,2026-04-29 22:12:33.120847616,1,9934,242,334
40.269353,7.618043,2026-04-29 22:12:33.120845312,1,4285,226,321
40.282353,7.621273,2026-04-29 22:12:33.120845056,1,2878,243,308
43.331794,-2.603342,2026-04-29 22:12:54.654396160,1,14514,170,55
40.292393,7.608433,2026-04-29 22:12:33.120840192,4,10547,188,34
43.718946,-2.618043,2026-04-29 22:13:17.691965696,1,12426,131,335
43.678788,-2.67538,2026-04-29 22:13:17.691957760,1,12014,154,322
41.677685,-3.253385,2026-04-29 22:13:29.118701056,1,12764,147,102
41.640953,-3.277273,2026-04-29 22:13:29.118679040,1,6079,262,80
41.660461,-3.27418,2026-04-29 22:13:29.118679552,1,5952,162,61
41.671993,-3.289307,2026-04-29 22:13:29.118685952,1,12095,137,48
41.641682,-3.310956,2026-04-29 22:13:29.118674944,1,6863,263,36
43.399988,-2.630406,2026-04-29 22:13:38.240168704,4,10684,170,28
43.514532,12.671116,2026-04-29 22:15:05.191266560,1,6813,147,282
43.530029,12.668311,2026-04-29 22:15:05.191266816,1,8953,188,266
43.313031,12.800527,2026-04-29 22:15:05.191234048,1,13736,249,253
43.306502,12.865057,2026-04-29 22:15:05.191218176,1,14890,249,240
43.586182,12.636688,2026-04-29 22:15:05.191339264,1,13674,209,227
43.541704,12.629807,2026-04-29 22:15:05.191332608,1,10509,199,214
43.54294,12.645854,2026-04-29 22:15:05.191340032,1,7188,214,201
43.532777,12.660451,2026-04-29 22:15:05.191334144,1,6827,231,188
43.338585,-2.609958,2026-04-29 22:15:22.220886016,1,12660,153,25
43.387301,-2.558233,2026-04-29 22:15:22.220913408,1,7188,261,19
41.59822,-3.32604,2026-04-29 22:15:46.931672832,1,9706,181,81
41.677021,-3.285803,2026-04-29 22:15:46.931697920,1,7813,269,67
41.668817,-3.269484,2026-04-29 22:15:46.931697152,1,5415,267,43
41.712295,-3.250092,2026-04-29 22:15:46.931708416,1,3397,263,24
41.680935,-4.329262,2026-04-29 22:15:47.244670720,1,14549,170,75
41.73457,-4.3279,2026-04-29 22:15:47.244689920,1,7423,265,43
41.722225,-4.26951,2026-04-29 22:15:47.518355456,1,2924,87,353
41.354984,-1.194451,2026-04-29 22:16:14.444722432,1,10705,156,75
41.219241,-1.333607,2026-04-29 22:16:14.444727552,1,10404,224,62
41.33944,-1.244681,2026-04-29 22:16:14.444770048,1,9785,269,47
41.358815,-1.234667,2026-04-29 22:16:14.444783616,1,8069,142,29
41.274392,-1.294809,2026-04-29 22:16:14.631813888,1,12308,194,29
41.420135,-1.180002,2026-04-29 22:16:14.631863552,1,3548,252,16
41.373716,-1.174173,2026-04-29 22:16:14.978571008,1,10565,182,33
41.326288,-1.229276,2026-04-29 22:16:14.978542080,1,3524,265,20
41.654697,-3.250906,2026-04-29 22:16:27.484613888,1,7298,89,112
41.641032,-3.340543,2026-04-29 22:16:27.484664320,1,6627,174,98
41.675747,-3.28549,2026-04-29 22:16:27.484680192,1,4012,267,46
43.65346,-2.877257,2026-04-29 22:16:55.212285184,4,6401,179,27
40.23403,7.724431,2026-04-29 22:17:07.192067584,1,7741,218,53
40.264827,7.66353,2026-04-29 22:17:07.192140288,1,8356,235,40
40.26347,7.705702,2026-04-29 22:17:07.192141056,1,7324,230,26
41.685749,-3.222294,2026-04-29 22:17:11.916271104,1,10636,144,32
41.686613,-3.279972,2026-04-29 22:17:11.916279552,1,8485,267,196
41.699992,-3.246227,2026-04-29 22:17:11.916348416,1,4161,265,136
40.262549,7.495677,2026-04-29 22:17:13.82667776,4,10986,207,32
43.579241,-2.70975,2026-04-29 22:17:59.723417600,4,11778,174,16
43.646379,-2.568323,2026-04-29 22:17:59.411069696,1,7412,111,48
43.645502,-2.598213,2026-04-29 22:17:59.411135488,1,5500,265,32
43.646697,-2.584501,2026-04-29 22:17:59.723377664,1,9050,96,195
43.661651,-2.59582,2026-04-29 22:17:59.723386880,1,2618,150,177
41.693582,-3.267741,2026-04-29 22:18:21.931523328,1,8988,267,174
41.672734,-3.272634,2026-04-29 22:18:21.931600640,1,5673,266,122
41.655199,-3.297643,2026-04-29 22:18:21.931585792,1,5901,256,109
43.537739,12.625079,2026-04-29 22:20:35.965468928,1,9610,69,23
43.522256,12.656516,2026-04-29 22:20:36.193174016,1,14767,78,42
43.550127,12.668016,2026-04-29 22:20:36.193267200,1,13121,174,20
34.150619,11.381705,2026-04-29 22:20:47.220076544,1,6531,269,40
34.316804,11.47518,2026-04-29 22:20:47.220133888,1,9777,232,32
46.963711,-11.974829,2026-04-29 22:22:38.969397504,1,14689,201,19
46.949984,-11.950409,2026-04-29 22:22:38.982491136,1,10846,222,92
41.349119,-1.29214,2026-04-29 22:22:22.241795328,4,13112,185,25
41.609586,-1.351783,2026-04-29 22:23:27.915940608,1,4805,147,86
41.555772,-1.497419,2026-04-29 22:23:27.915968256,1,13205,158,72
41.617758,-1.380983,2026-04-29 22:23:27.916003584,1,3279,258,59
41.59189,-1.424691,2026-04-29 22:23:27.915991552,1,2994,268,39
41.598342,-1.40071,2026-04-29 22:23:27.915996672,1,3109,250,24
43.60423,-2.448106,2026-04-29 22:25:10.361172224,1,5513,97,88
43.573463,-2.524555,2026-04-29 22:25:10.361238016,1,10889,151,72
43.600654,-2.487941,2026-04-29 22:25:10.361240320,1,5419,262,49
43.596264,-2.502421,2026-04-29 22:25:10.361231360,1,2675,255,29
43.601647,-2.431578,2026-04-29 22:25:10.527185664,1,3511,90,92
43.598894,-2.485514,2026-04-29 22:25:10.527246336,1,10039,262,57
43.591584,-2.513268,2026-04-29 22:25:10.527238144,1,3072,246,36
43.606187,-2.43709,2026-04-29 22:25:10.578388224,1,3395,94,102
43.668318,-2.423939,2026-04-29 22:25:10.578486528,1,10076,149,80
41.800621,-3.155634,2026-04-29 22:25:41.275832576,1,13377,120,78
41.848313,-3.097238,2026-04-29 22:25:41.275919616,1,9869,266,52
41.786006,-3.182478,2026-04-29 22:25:41.275896064,1,5102,255,33
41.791809,-2.865441,2026-04-29 22:25:57.136700160,1,6463,88,51
41.854086,-2.856706,2026-04-29 22:25:57.136785152,1,7700,264,37
41.814686,-2.912856,2026-04-29 22:25:57.136767232,1,2829,254,21
43.590733,-2.443703,2026-04-29 22:26:31.215074816,1,14765,111,102
43.608653,-2.475845,2026-04-29 22:26:31.215146752,1,12197,260,65
43.596028,-2.474639,2026-04-29 22:26:31.215137024,1,4044,260,41
43.606329,-2.47374,2026-04-29 22:26:31.215136000,1,6376,245,25
43.592341,-2.445868,2026-04-29 22:26:31.370964224,1,13763,94,76
43.581654,-2.500747,2026-04-29 22:26:31.371023360,1,5387,262,43
43.609192,-2.460992,2026-04-29 22:26:31.371030016,1,3735,246,26
43.531061,12.652323,2026-04-29 22:26:31.660194304,1,13818,84,26
43.550269,12.613174,2026-04-29 22:26:31.660277248,1,10131,225,26
43.606982,-2.426881,2026-04-29 22:26:31.678754304,1,3792,144,216
43.606154,-2.450674,2026-04-29 22:26:31.678756864,1,3156,143,200
43.616947,-2.388885,2026-04-29 22:26:31.678829056,1,14609,268,177
41.440166,-1.27109,2026-04-29 22:26:41.362368768,1,9949,265,29
46.912849,-11.927493,2026-04-29 22:26:50.183826944,1,6068,253,108
46.912065,-11.973003,2026-04-29 22:26:50.183811840,1,10961,253,94
43.588717,12.603174,2026-04-29 22:28:18.264538368,1,11974,65,193
43.582492,12.600737,2026-04-29 22:28:18.264545024,1,5202,257,169
43.583403,12.621358,2026-04-29 22:28:18.264544768,1,12007,224,162
43.588002,12.583403,2026-04-29 22:28:18.264539392,4,10581,135,24
40.188795,-2.340275,2026-04-29 22:30:06.100083456,1,8625,247,28
41.403159,-1.097586,2026-04-29 22:30:51.488536576,1,8043,114,101
41.404973,-1.13504,2026-04-29 22:30:51.488603392,1,3823,268,53
41.398427,-1.131863,2026-04-29 22:30:51.488601088,1,3487,250,42
41.37032,-1.217598,2026-04-29 22:31:10.983503616,1,14031,126,63
41.39908,-1.285847,2026-04-29 22:31:10.983580160,1,14469,160,49
41.402587,-1.278333,2026-04-29 22:31:10.983574016,1,5863,269,32
41.535248,-1.410958,2026-04-29 22:31:11.70643456,1,13072,178,37
41.591106,-1.36828,2026-04-29 22:31:11.70657536,1,4866,252,21
41.425202,-1.182793,2026-04-29 22:31:11.217163008,1,10813,111,201
41.469893,-1.193254,2026-04-29 22:31:11.217182720,1,9403,187,180
41.344461,-1.475627,2026-04-29 22:31:11.217159680,1,8425,261,156
42.308281,-2.290831,2026-04-29 22:31:21.301747712,1,6766,248,61
42.31482,-2.281721,2026-04-29 22:31:21.301751296,1,4696,248,45
42.323966,-2.290996,2026-04-29 22:31:21.301746688,1,11110,163,31
43.645508,-2.48791,2026-04-29 22:31:55.471468800,1,14246,137,320
43.725995,-2.397777,2026-04-29 22:31:55.471491328,1,4053,267,289
41.417669,-1.360826,2026-04-29 22:31:11.251685888,4,11133,196,19
43.559165,-2.651956,2026-04-29 22:31:56.502537984,4,7231,176,35
41.381582,-1.122014,2026-04-29 22:32:05.480855296,1,11744,115,39
41.417514,-1.105469,2026-04-29 22:32:05.480945408,1,10900,265,139
41.384375,-1.1584,2026-04-29 22:32:05.480921600,1,3499,260,126
41.404913,-1.142716,2026-04-29 22:32:05.480930048,1,6713,269,106
41.396583,-1.146768,2026-04-29 22:32:05.480923392,1,4400,268,69
41.39385,-1.143763,2026-04-29 22:32:05.480920576,1,4254,141,45
41.384488,-1.12228,2026-04-29 22:32:05.542951424,1,11969,115,114
41.422032,-1.108489,2026-04-29 22:32:05.543043328,1,12522,259,98
41.410104,-1.133723,2026-04-29 22:32:05.543023872,1,3720,258,86
41.420097,-1.129537,2026-04-29 22:32:05.543030784,1,5954,268,73
41.398492,-1.142882,2026-04-29 22:32:05.543019520,1,4438,268,51
41.394086,-1.153139,2026-04-29 22:32:05.543017216,1,3380,250,34
41.38447,-1.113894,2026-04-29 22:32:05.786681344,1,3183,165,310
40.330559,7.643848,2026-04-29 22:32:28.424517376,1,11685,175,33
40.312611,7.656039,2026-04-29 22:32:28.424503296,1,7458,261,20
43.628169,-2.464241,2026-04-29 22:32:50.954875392,1,12574,189,65
43.640217,-2.486861,2026-04-29 22:32:50.954949376,1,9108,264,34
43.601906,-2.576571,2026-04-29 22:32:50.954923008,1,6730,257,18
43.648498,-2.473664,2026-04-29 22:32:50.988744960,1,5284,169,18
43.633656,-2.467764,2026-04-29 22:32:50.988751872,1,13338,122,278
43.722555,-2.407731,2026-04-29 22:32:50.988794880,1,12797,151,261
43.729466,-2.426075,2026-04-29 22:32:50.988797184,1,10282,151,248
41.71852,-3.234604,2026-04-29 22:32:58.22620928,1,13615,110,26
40.302777,7.762111,2026-04-29 22:32:27.969948928,4,10624,251,27
41.415228,-1.323917,2026-04-29 22:33:08.763052032,1,12973,121,26
42.287002,-2.435431,2026-04-29 22:33:40.272441088,4,13560,154,17
42.173282,-2.463246,2026-04-29 22:35:11.474590720,1,14584,143,118
42.177477,-2.485942,2026-04-29 22:35:11.474669568,1,4090,260,117
42.182808,-2.465636,2026-04-29 22:35:11.474673152,1,3660,260,103
42.165498,-2.483501,2026-04-29 22:35:11.474661120,1,3115,262,57
41.695179,23.883711,2026-04-29 22:35:19.639031040,1,10676,108,50
41.737872,23.836829,2026-04-29 22:35:19.639109632,1,5332,219,35
41.74422,23.775271,2026-04-29 22:35:19.672921600,1,6967,205,22
41.777991,23.936931,2026-04-29 22:35:19.683624960,1,9416,159,16
41.776445,23.923664,2026-04-29 22:35:19.683628544,1,6918,159,276
41.840842,23.901013,2026-04-29 22:35:19.683654144,1,3162,239,261
41.834637,23.848538,2026-04-29 22:35:19.683666944,1,9741,149,238
42.276006,-2.395507,2026-04-29 22:35:34.882898176,1,13412,96,277
42.372573,-2.283722,2026-04-29 22:35:34.882931456,1,14281,169,265
42.35533,-2.267087,2026-04-29 22:35:34.882934784,1,10656,269,229
43.724813,-2.257131,2026-04-29 22:35:04.731117568,4,14854,255,28
41.473087,-1.163887,2026-04-29 22:36:05.693744128,1,12019,263,101
41.862141,-3.13199,2026-04-29 22:36:45.165529856,1,9095,53,30
41.881835,-3.159048,2026-04-29 22:36:45.165534208,1,9319,132,330
40.890566,9.242083,2026-04-29 22:36:53.710775808,1,14546,240,58
41.07462,9.333311,2026-04-29 22:36:53.710838016,1,5217,264,46
41.019774,9.323832,2026-04-29 22:36:53.710818816,1,8217,215,33
41.823795,-3.263156,2026-04-29 22:36:45.165568512,4,8337,177,28
42.320407,-2.347961,2026-04-29 22:38:06.170941440,1,5391,267,243
43.709021,-2.514179,2026-04-29 22:41:20.803292160,1,3805,104,82
43.727018,-2.539865,2026-04-29 22:41:20.803375616,1,9309,266,102
43.701819,-2.575949,2026-04-29 22:41:20.803357184,1,7017,254,73
43.721969,-2.532735,2026-04-29 22:41:20.803364096,1,4629,254,60
43.69369,-2.566478,2026-04-29 22:41:20.803346688,1,7274,257,50
43.719403,-2.556824,2026-04-29 22:41:20.803356416,1,9432,158,27
43.547581,12.705733,2026-04-29 22:41:48.205797376,1,8688,86,79
43.525928,12.685412,2026-04-29 22:41:48.205803520,1,10618,133,174
43.595342,12.713703,2026-04-29 22:41:48.205818368,1,4472,234,157
43.578692,12.696422,2026-04-29 22:41:48.205812480,1,11798,206,144
43.383324,12.728326,2026-04-29 22:41:48.205814784,1,11465,176,126
43.584512,12.70396,2026-04-29 22:41:48.205886720,1,8753,183,112
43.564969,12.690096,2026-04-29 22:41:48.205875968,1,8496,177,97
43.602752,12.772303,2026-04-29 22:41:48.205875712,1,5416,189,78
43.572118,12.669384,2026-04-29 22:41:48.205872384,1,5760,199,65
43.593358,12.686302,2026-04-29 22:41:48.205883392,1,9276,199,52
43.547441,12.766372,2026-04-29 22:41:48.205860352,1,2814,258,36
43.563453,12.738206,2026-04-29 22:41:48.205864704,1,6580,250,21
43.584735,12.693429,2026-04-29 22:41:48.205807104,4,11325,165,24
46.911557,-11.996731,2026-04-29 22:42:00.744387072,1,9303,253,290
46.909969,-11.968659,2026-04-29 22:42:00.744390144,1,9115,229,277
47.071101,-11.643364,2026-04-29 22:42:00.744481280,1,9096,268,259
41.868698,-3.026327,2026-04-29 22:42:25.720058368,1,7634,86,154
41.918874,-3.1145,2026-04-29 22:42:25.720066048,1,9654,143,173
43.683068,-2.538631,2026-04-29 22:42:41.195299840,1,14337,266,39
43.670478,-2.585223,2026-04-29 22:42:41.195277568,1,6573,265,26
41.502306,-1.082209,2026-04-29 22:42:45.216994048,1,14365,150,259
41.504081,-1.122837,2026-04-29 22:42:45.217004032,1,10389,159,244
41.491094,-1.135911,2026-04-29 22:42:45.216993024,1,13057,259,227
41.500982,-1.08369,2026-04-29 22:42:45.217067776,1,9170,269,181
41.581139,-1.026256,2026-04-29 22:42:45.217089536,1,6989,269,169
41.529977,-1.111155,2026-04-29 22:42:45.217068288,1,4054,270,136
41.461873,-1.173849,2026-04-29 22:42:45.217031936,1,10619,261,114
41.495444,-1.21135,2026-04-29 22:42:45.985690880,4,13089,181,24
41.90882,-3.055376,2026-04-29 22:43:46.379742720,1,5626,130,358
41.917053,-3.111406,2026-04-29 22:43:46.379750144,1,12605,132,344
42.28635,-2.629306,2026-04-29 22:43:46.379996928,4,9678,258,27
41.508051,-1.155381,2026-04-29 22:45:11.652316160,1,10299,158,137
41.508797,-1.170706,2026-04-29 22:45:11.652315136,1,8529,187,213
41.448145,-1.198539,2026-04-29 22:45:11.652285440,1,12184,259,197
43.733552,-2.518314,2026-04-29 22:45:48.499750400,1,8180,97,168
43.741212,-2.545052,2026-04-29 22:45:48.499759104,1,5689,149,148
43.831252,-2.430333,2026-04-29 22:45:48.499860992,1,9963,266,133
43.733931,-2.540799,2026-04-29 22:46:36.166644992,1,7725,140,77
43.777929,-2.511153,2026-04-29 22:46:36.166725120,1,5124,264,55
43.746638,-2.537527,2026-04-29 22:46:36.166706432,1,9077,244,38
43.744095,-2.523085,2026-04-29 22:46:36.166713088,1,13663,158,18
43.745783,-2.555512,2026-04-29 22:46:36.673708288,1,10857,97,137
43.698919,-2.599811,2026-04-29 22:46:36.673756928,1,11857,159,112
43.721132,-2.620125,2026-04-29 22:46:36.673763328,1,3290,260,83
43.733319,-2.599357,2026-04-29 22:46:36.673768448,1,2203,254,68
43.750912,-2.569341,2026-04-29 22:46:36.673773824,1,3862,259,51
43.762008,-2.45028,2026-04-29 22:47:16.942167552,1,13707,93,58
44.103888,-2.384937,2026-04-29 22:47:16.942369280,1,5635,164,61
43.767498,-2.536566,2026-04-29 22:47:16.942236416,1,9074,261,47
43.778888,-2.519814,2026-04-29 22:47:16.942231296,1,8954,124,25
43.713709,-2.488143,2026-04-29 22:47:17.105081088,1,11638,128,44
43.724133,-2.505269,2026-04-29 22:47:17.105075968,1,9702,140,30
43.714487,-2.505455,2026-04-29 22:47:17.137716480,1,14662,148,111
40.135675,-2.301557,2026-04-29 22:47:48.811530240,1,13878,151,43
41.589344,-1.120874,2026-04-29 22:47:56.56677376,1,11001,214,380
41.501757,-1.19336,2026-04-29 22:47:56.56632064,1,7560,193,365
43.741707,-2.516561,2026-04-29 22:48:06.799982080,1,9734,106,53
43.746304,-2.564326,2026-04-29 22:48:06.800058112,1,11394,262,30
43.744105,-2.515795,2026-04-29 22:48:07.319432448,1,8624,97,84
43.69287,-2.380815,2026-04-29 22:48:07.326169600,1,12199,95,57
43.709271,-2.439762,2026-04-29 22:48:07.326182400,1,12608,182,88
43.65092,-2.468988,2026-04-29 22:48:07.326220544,1,2295,268,53
43.666837,-2.480479,2026-04-29 22:48:07.326225664,1,2930,244,34
42.364041,23.047041,2026-04-29 22:48:23.612972032,1,10471,95,130
42.322543,22.906588,2026-04-29 22:48:23.613058816,1,9862,103,118
41.197734,9.277236,2026-04-29 22:48:45.106856192,1,14213,220,65
41.027563,9.311379,2026-04-29 22:48:45.106791680,1,5629,253,55
41.095221,9.257924,2026-04-29 22:48:45.106817280,1,11560,184,41
43.752865,-2.533181,2026-04-29 22:48:52.836272640,1,9808,97,162
43.777219,-2.536501,2026-04-29 22:48:52.836281856,1,11117,97,158
43.863136,-2.501239,2026-04-29 22:48:52.836314368,1,9401,151,145
43.77155,-2.47966,2026-04-29 22:48:52.836360192,1,6274,257,110
43.76532,-2.523371,2026-04-29 22:48:52.836346880,1,5903,227,96
43.725821,-2.559867,2026-04-29 22:48:52.836340224,1,11715,255,76
42.399641,22.956748,2026-04-29 22:48:23.651562752,4,10311,205,29
41.572094,-2.226608,2026-04-29 22:48:36.630808320,4,11247,259,28
43.699081,-2.671228,2026-04-29 22:51:30.631796224,1,13418,141,27
43.58873,-2.431032,2026-04-29 22:51:30.727514368,1,11002,134,33
40.210845,-2.298035,2026-04-29 22:52:10.699998208,1,11313,161,73
40.307536,-2.250235,2026-04-29 22:52:10.700019968,1,3063,174,47
40.300006,-2.230023,2026-04-29 22:52:10.700026368,1,7119,265,27
40.266549,-2.224665,2026-04-29 22:52:10.716490752,1,10516,160,16
40.290971,-2.240079,2026-04-29 22:52:10.716500992,1,7687,202,265
41.748121,-2.763224,2026-04-29 22:52:48.175903232,1,8883,116,165
40.25972,-2.369126,2026-04-29 22:52:10.716524032,4,13327,220,21
43.708166,-2.669644,2026-04-29 22:52:59.426694912,1,9987,125,20
42.497299,23.425844,2026-04-29 22:56:22.346211072,1,14299,107,94
46.856725,16.127071,2026-04-29 22:56:22.348726016,1,14239,172,52
43.804869,-2.581473,2026-04-29 22:56:29.765225216,1,10585,136,38
43.824419,-2.558029,2026-04-29 22:56:29.765308672,1,8245,267,209
43.797153,-2.591482,2026-04-29 22:56:29.765302016,1,14365,255,185
41.037412,9.264011,2026-04-29 22:58:06.115317760,1,14935,177,274
41.053349,9.271994,2026-04-29 22:58:06.115326464,1,5584,244,261
40.859354,9.150076,2026-04-29 22:58:06.115316992,1,14158,249,245
40.954201,9.231413,2026-04-29 22:58:06.115346176,1,7653,233,232
40.999042,9.192758,2026-04-29 22:58:06.115358976,1,13971,174,218
41.104612,9.276987,2026-04-29 22:58:06.115397120,1,4230,249,202
40.944645,9.212415,2026-04-29 22:58:06.115346432,1,7491,213,189
41.084129,9.268052,2026-04-29 22:58:06.115390976,1,7738,238,174
41.09009,9.28887,2026-04-29 22:58:06.115393536,1,7418,238,160
40.798392,9.288936,2026-04-29 22:58:06.115285248,1,9456,265,145
41.061834,9.302237,2026-04-29 22:58:06.115379968,1,9070,219,107
42.497428,23.48849,2026-04-29 22:58:43.639699712,1,13664,104,155
42.477271,23.468499,2026-04-29 22:58:43.639700480,1,14699,144,301
42.482387,23.459431,2026-04-29 22:58:43.639709440,1,9973,190,288
42.46221,23.593062,2026-04-29 22:58:43.639672064,1,6699,247,276
42.468444,23.534186,2026-04-29 22:58:43.639689728,1,12382,245,263
42.524348,23.448328,2026-04-29 22:58:43.639727104,1,12781,202,250
42.504096,23.454651,2026-04-29 22:58:43.639773184,1,11291,152,225
42.486027,23.458717,2026-04-29 22:58:43.639772160,1,6298,150,212
42.52458,23.43135,2026-04-29 22:58:43.684384000,4,8441,143,41
