43.546831,-85.981351,2026-04-15 01:05:15.986470912,1,14522,168,18
37.775824,13.308046,2026-04-15 01:05:18.251034368,1,7479,208,257
37.782458,13.324954,2026-04-15 01:05:18.251026432,1,11359,208,244
37.993255,13.312149,2026-04-15 01:05:18.251094272,1,14161,251,205
37.920766,13.280594,2026-04-15 01:05:18.251069696,1,11808,250,188
48.413123,-14.922908,2026-04-15 01:05:27.619640576,1,12936,246,41
48.444047,-15.104229,2026-04-15 01:05:27.619606016,1,7667,245,27
41.47065,13.846547,2026-04-15 01:05:27.733926400,1,9294,106,243
37.592519,13.397895,2026-04-15 01:05:36.278369792,1,9264,237,53
37.570837,13.377417,2026-04-15 01:05:36.278359808,1,5193,247,40
37.609363,13.410941,2026-04-15 01:05:36.278369792,1,7197,234,20
43.545691,-85.910683,2026-04-15 01:05:37.325649152,1,5966,179,34
42.30682,-89.540037,2026-04-15 01:05:47.583028736,1,12118,108,20
42.654233,-88.954527,2026-04-15 01:05:48.190352640,1,10580,103,24
19.504607,-63.238048,2026-04-15 01:05:48.513496832,1,8450,248,23
41.140411,12.495338,2026-04-15 01:05:59.603327744,1,11871,218,259
41.067534,12.506087,2026-04-15 01:05:59.603307264,1,7256,264,244
41.106703,12.508301,2026-04-15 01:05:59.603313152,1,3374,225,231
41.161857,12.470128,2026-04-15 01:05:59.603337984,1,12293,176,218
41.170007,12.508732,2026-04-15 01:05:59.603410944,1,8166,253,198
41.126746,12.514721,2026-04-15 01:05:59.603389440,1,10837,185,184
41.119867,12.527937,2026-04-15 01:05:59.603382528,1,9689,184,169
43.095886,-87.161015,2026-04-15 01:06:07.614304768,1,13053,99,25
42.848863,-89.318593,2026-04-15 01:06:13.546279680,1,14313,182,27
33.668875,-44.357132,2026-04-15 01:06:19.962928128,1,7740,242,25
35.882242,-97.945694,2026-04-15 01:06:28.782258688,1,14552,175,30
35.316376,-97.259553,2026-04-15 01:06:52.8325888,1,14384,228,26
42.448441,-90.970631,2026-04-15 01:06:55.29079808,1,11827,95,24
44.034653,-87.711214,2026-04-15 01:06:56.295915264,1,10493,194,27
42.912691,-89.407222,2026-04-15 01:06:56.660498944,1,3697,94,30
44.084853,-86.716501,2026-04-15 01:06:59.98324224,1,11683,189,27
37.930292,16.282409,2026-04-15 01:06:59.277046016,1,9260,243,22
37.847811,16.318399,2026-04-15 01:06:59.277018624,1,9078,236,20
45.377774,-85.451011,2026-04-15 01:07:09.993980928,1,8320,152,22
43.096293,-87.695026,2026-04-15 01:07:10.858437376,1,12267,229,27
43.061497,-88.788975,2026-04-15 01:07:12.537006848,1,10927,99,28
38.365006,13.042839,2026-04-15 01:07:13.35954944,1,10535,239,378
38.173276,13.043254,2026-04-15 01:07:13.35892480,1,10223,219,363
38.149768,13.029048,2026-04-15 01:07:13.35897856,1,11842,247,348
38.168076,13.085771,2026-04-15 01:07:13.35900160,1,6304,237,335
37.836436,13.053253,2026-04-15 01:07:13.35841536,1,13027,245,315
38.223347,13.079256,2026-04-15 01:07:13.35974912,1,6126,227,302
42.89795,-88.889991,2026-04-15 01:07:20.758397952,1,13002,179,20
44.248368,-87.125036,2026-04-15 01:07:22.885971968,1,14756,248,22
40.214444,-82.562923,2026-04-15 01:07:24.99325696,1,13185,122,23
42.096777,-90.846617,2026-04-15 01:07:25.627725824,1,11293,249,26
37.92684,13.131748,2026-04-15 01:07:27.84955392,1,10311,222,193
37.944563,13.123323,2026-04-15 01:07:27.84955392,1,11529,213,179
37.98206,13.126716,2026-04-15 01:07:27.84964352,1,11953,233,164
38.453088,13.175473,2026-04-15 01:07:27.85132288,1,5909,241,150
37.946086,13.132941,2026-04-15 01:07:27.84940800,1,10539,265,113
43.05896,-85.63766,2026-04-15 01:07:36.838852608,1,14352,154,38
37.691573,13.300432,2026-04-15 01:07:37.408987136,1,9118,267,298
37.765502,13.31661,2026-04-15 01:07:37.409019648,1,11242,242,285
37.499557,13.289149,2026-04-15 01:07:37.408973056,1,12833,240,265
42.484801,-90.823397,2026-04-15 01:07:52.294409984,1,13585,94,39
42.487051,-90.917671,2026-04-15 01:07:52.327693824,1,11682,187,21
43.108846,-87.124062,2026-04-15 01:08:04.53981440,1,13901,165,19
44.565712,-87.462536,2026-04-15 01:08:05.742461696,1,12726,93,26
43.108096,-87.176228,2026-04-15 01:08:13.508855552,1,12414,225,26
37.47191,16.192459,2026-04-15 01:08:13.978396416,1,4898,251,31
37.466866,16.199827,2026-04-15 01:08:13.978398720,1,4615,229,18
40.78865,13.711457,2026-04-15 01:08:15.179264512,1,9206,244,274
40.613914,13.833184,2026-04-15 01:08:15.179188992,1,2190,264,261
39.159345,16.161096,2026-04-15 01:08:23.69384192,1,7755,208,132
38.206122,13.098999,2026-04-15 01:08:32.155345408,1,8790,243,158
38.210722,13.065148,2026-04-15 01:08:32.155337472,1,5091,207,146
38.196764,13.080216,2026-04-15 01:08:32.155328512,1,5776,259,124
38.251127,13.071575,2026-04-15 01:08:32.155347200,1,5164,240,108
38.236927,13.095433,2026-04-15 01:08:32.155343616,1,8664,248,90
38.26037,13.081956,2026-04-15 01:08:32.155347712,1,5041,268,70
38.22378,13.092157,2026-04-15 01:08:32.155332352,1,6083,265,56
43.12033,-86.996596,2026-04-15 01:08:44.826696192,1,9738,170,34
42.186886,-90.234341,2026-04-15 01:08:44.889287424,1,11241,94,38
43.427592,-86.881944,2026-04-15 01:08:54.497444096,1,13263,92,29
43.593661,-86.246687,2026-04-15 01:08:57.113457408,1,14143,83,38
-0.396683,163.756529,2026-04-15 01:05:42.920299776,2,10038,192,28
-1.842223,116.643619,2026-04-15 01:06:22.271682560,2,10477,219,20
-0.493854,163.782673,2026-04-15 01:07:21.34625280,2,12452,191,30
-0.853235,161.126068,2026-04-15 01:07:22.118588416,2,10117,186,30
-0.857399,161.135887,2026-04-15 01:08:57.242335488,2,10426,185,21
42.708226,-89.043604,2026-04-15 01:05:04.851772672,3,8461,108,51
42.719693,-89.095584,2026-04-15 01:05:04.851826432,3,7718,194,35
42.706365,-89.083234,2026-04-15 01:05:04.851830528,3,7439,158,22
40.355516,-83.0415,2026-04-15 01:05:07.952461568,3,11020,113,23
35.136408,-97.33522,2026-04-15 01:05:08.98816,3,10588,159,28
44.576939,-87.490631,2026-04-15 01:05:08.200871424,3,12289,106,39
44.527624,-87.573141,2026-04-15 01:05:08.200849152,3,8562,217,26
34.414402,-98.642586,2026-04-15 01:05:08.258153984,3,8900,135,43
34.472242,-98.682951,2026-04-15 01:05:08.258175232,3,12175,89,31
43.136026,-86.973005,2026-04-15 01:05:08.403140608,3,10875,103,23
43.154353,-87.0989,2026-04-15 01:05:08.403113216,3,8374,227,19
43.404443,-86.977298,2026-04-15 01:05:08.795823616,3,9673,167,34
43.400398,-86.987738,2026-04-15 01:05:08.795811072,3,5679,147,21
43.357639,-88.496255,2026-04-15 01:05:09.968689920,3,13974,134,40
43.349268,-88.460329,2026-04-15 01:05:09.968691968,3,10009,149,26
44.609148,-86.891224,2026-04-15 01:05:10.270858752,3,11864,145,31
42.298197,-89.756678,2026-04-15 01:05:12.281716480,3,7993,80,43
42.301361,-89.669046,2026-04-15 01:05:12.281742592,3,14746,142,30
42.272224,-89.752809,2026-04-15 01:05:12.291093248,3,11774,106,25
43.382081,-86.988938,2026-04-15 01:05:14.365106944,3,8598,126,21
34.400538,-98.977838,2026-04-15 01:05:15.68894464,3,14684,173,25
34.473039,-98.830494,2026-04-15 01:05:15.115747840,3,9351,85,26
43.503055,-86.523647,2026-04-15 01:05:15.691878656,3,6023,132,31
43.511889,-86.438294,2026-04-15 01:05:15.691906816,3,5926,108,17
43.519868,-85.95655,2026-04-15 01:05:15.836915712,3,11515,181,42
43.54986,-86.013223,2026-04-15 01:05:15.836893952,3,9536,180,29
43.503829,-85.930138,2026-04-15 01:05:15.843169536,3,11184,145,31
43.533764,-86.000804,2026-04-15 01:05:15.843142656,3,8383,180,19
43.546036,-86.088003,2026-04-15 01:05:15.986436608,3,13264,125,54
43.549833,-86.001637,2026-04-15 01:05:15.986460672,3,9849,147,41
43.525992,-86.074215,2026-04-15 01:05:15.986439424,3,7122,218,26
42.970602,-87.058107,2026-04-15 01:05:16.34263040,3,12612,160,64
42.9894,-87.255376,2026-04-15 01:05:16.34250496,3,13736,228,51
42.923733,-87.117752,2026-04-15 01:05:16.34326528,3,12035,119,37
42.907879,-87.111032,2026-04-15 01:05:16.34312960,3,14754,106,24
42.50453,-90.785669,2026-04-15 01:05:16.155588864,3,11356,102,23
43.138928,-87.234467,2026-04-15 01:05:16.859838208,3,8459,269,21
42.269825,-90.275232,2026-04-15 01:05:18.342984960,3,7337,142,77
42.276767,-90.419373,2026-04-15 01:05:18.342967040,3,6926,262,95
42.234232,-90.286612,2026-04-15 01:05:18.343006464,3,12955,158,79
42.316247,-90.014085,2026-04-15 01:05:18.579024896,3,13005,98,28
44.262958,-87.450793,2026-04-15 01:05:19.110868224,3,13001,101,44
44.28728,-87.401863,2026-04-15 01:05:19.110876672,3,12468,213,30
34.636794,-98.907869,2026-04-15 01:05:19.150682880,3,11210,143,41
42.546215,-90.443147,2026-04-15 01:05:20.124386816,3,12240,104,31
43.595997,-86.807381,2026-04-15 01:05:20.568192512,3,13847,237,37
43.532967,-86.433561,2026-04-15 01:05:20.568284160,3,4872,183,23
42.791722,-85.917382,2026-04-15 01:05:20.818507264,3,14554,227,37
42.745064,-85.557691,2026-04-15 01:05:20.818590976,3,6264,214,17
43.353749,-85.695407,2026-04-15 01:05:21.251024640,3,7278,122,61
43.367538,-85.730431,2026-04-15 01:05:21.251014656,3,11271,214,55
43.305496,-85.662502,2026-04-15 01:05:21.251042816,3,9443,112,35
43.621928,-86.359177,2026-04-15 01:05:21.356103424,3,11013,222,41
43.549801,-85.770878,2026-04-15 01:05:21.356252672,3,3151,256,28
43.516295,-85.93359,2026-04-15 01:05:21.356200448,3,12088,112,15
34.335072,-98.647373,2026-04-15 01:05:21.710659072,3,13440,108,31
34.381581,-98.64435,2026-04-15 01:05:21.784668416,3,13063,76,30
44.798057,-87.929537,2026-04-15 01:05:22.743572736,3,14713,128,56
42.309739,-90.423222,2026-04-15 01:05:22.821310720,3,6695,93,19
43.420307,-86.437342,2026-04-15 01:05:23.16297984,3,14483,149,33
43.446511,-86.348652,2026-04-15 01:05:23.16330752,3,5051,123,20
44.276439,-86.702372,2026-04-15 01:05:23.823985152,3,7498,228,22
44.266023,-86.692394,2026-04-15 01:05:23.841569792,3,7773,228,18
42.274561,-89.631543,2026-04-15 01:05:25.91839488,3,12375,118,44
42.334967,-89.697143,2026-04-15 01:05:25.91876608,3,5657,213,31
42.860854,-89.158194,2026-04-15 01:05:25.165308928,3,14720,183,41
42.908246,-88.713496,2026-04-15 01:05:25.165417472,3,7270,210,24
42.249696,-90.245919,2026-04-15 01:05:26.839284736,3,5790,138,20
42.326379,-89.571219,2026-04-15 01:05:26.892450048,3,4112,65,40
42.308742,-89.697361,2026-04-15 01:05:26.892486912,3,5927,141,24
44.64297,-87.292541,2026-04-15 01:05:27.524558848,3,12354,117,34
44.555823,-87.191471,2026-04-15 01:05:27.524596224,3,12467,238,19
42.609848,-89.399654,2026-04-15 01:05:27.735217664,3,14142,187,38
35.44447,-98.115649,2026-04-15 01:05:28.15536128,3,11202,102,33
35.445987,-98.200196,2026-04-15 01:05:28.15575552,3,8110,102,36
41.876165,-73.734171,2026-04-15 01:05:28.890845184,3,7306,98,26
43.097248,-87.403539,2026-04-15 01:05:28.919043840,3,13000,118,20
42.366236,-90.372671,2026-04-15 01:05:29.168306432,3,9792,95,21
43.039611,-85.735707,2026-04-15 01:05:29.211517952,3,10770,122,55
42.985096,-85.940742,2026-04-15 01:05:29.211547648,3,13715,221,39
43.028814,-85.76951,2026-04-15 01:05:29.216738816,3,10333,248,26
42.264184,-89.507828,2026-04-15 01:05:29.415808256,3,12778,57,35
42.255385,-89.591513,2026-04-15 01:05:29.415807488,3,5565,190,90
43.588707,-85.83938,2026-04-15 01:05:36.956248320,3,11917,84,35
43.012377,-87.762705,2026-04-15 01:05:37.191008256,3,7903,139,19
43.581417,-85.905233,2026-04-15 01:05:37.325636608,3,13048,102,60
43.60074,-85.954128,2026-04-15 01:05:37.325636352,3,9601,214,70
43.546346,-85.918019,2026-04-15 01:05:37.325647104,3,9531,120,49
43.532583,-86.262858,2026-04-15 01:05:37.388681728,3,14917,114,22
40.056423,-82.880029,2026-04-15 01:05:37.494448640,3,13566,116,32
40.112619,-82.863717,2026-04-15 01:05:37.494454528,3,9982,151,18
43.004657,-87.637808,2026-04-15 01:05:37.510854400,3,10860,98,44
43.014363,-87.660441,2026-04-15 01:05:37.510898944,3,4030,208,30
42.99217,-87.665157,2026-04-15 01:05:37.510891776,3,13564,100,14
44.569107,-87.909396,2026-04-15 01:05:38.640077312,3,12451,176,42
44.498319,-88.029542,2026-04-15 01:05:38.640039936,3,4040,252,28
42.609999,-89.248643,2026-04-15 01:05:39.222830592,3,5028,126,47
42.600476,-89.300402,2026-04-15 01:05:39.222908672,3,9867,216,32
42.551112,-89.311779,2026-04-15 01:05:39.222903552,3,12660,104,16
40.463614,-82.77881,2026-04-15 01:05:39.784053504,3,14163,113,17
40.256426,-82.977965,2026-04-15 01:05:39.901391616,3,6872,182,65
40.239905,-82.953798,2026-04-15 01:05:39.901402624,3,7844,83,48
40.272065,-82.973165,2026-04-15 01:05:39.901408256,3,9242,148,35
40.25253,-83.077947,2026-04-15 01:05:39.901434880,3,9599,90,21
43.39292,-87.079869,2026-04-15 01:05:40.114246912,3,13068,108,25
34.49933,-98.656536,2026-04-15 01:05:40.887913472,3,7515,108,53
34.64216,-98.691093,2026-04-15 01:05:40.887962880,3,10358,205,41
34.713187,-98.681414,2026-04-15 01:05:40.887993600,3,7862,229,28
34.533061,-98.781388,2026-04-15 01:05:41.40677888,3,13297,95,24
34.32357,-98.68719,2026-04-15 01:05:41.197116672,3,13835,137,30
34.434669,-98.673528,2026-04-15 01:05:41.467933952,3,14365,107,28
34.315801,-98.681636,2026-04-15 01:05:42.165422592,3,13104,137,21
43.153534,-87.055627,2026-04-15 01:05:42.694048768,3,9932,134,53
43.1139,-87.273126,2026-04-15 01:05:42.694061312,3,11025,212,36
43.120381,-87.09778,2026-04-15 01:05:42.694102272,3,10603,143,17
42.812249,-88.982015,2026-04-15 01:05:43.496414208,3,11130,83,22
43.110632,-87.043671,2026-04-15 01:05:43.518774272,3,11804,149,14
43.16075,-87.466802,2026-04-15 01:05:43.518744576,3,12654,228,30
43.088196,-87.124316,2026-04-15 01:05:43.518836480,3,8961,111,20
44.281918,-86.860409,2026-04-15 01:05:43.702205184,3,6680,241,25
43.318802,-86.961079,2026-04-15 01:05:43.789075968,3,9921,102,18
40.10812,-82.786666,2026-04-15 01:05:44.104169984,3,13808,92,29
42.35176,-89.485881,2026-04-15 01:05:47.582989568,3,7443,75,66
42.322839,-89.514255,2026-04-15 01:05:47.583045376,3,12553,226,63
42.295483,-89.515098,2026-04-15 01:05:47.583046912,3,5808,226,50
42.289978,-89.488491,2026-04-15 01:05:47.583050240,3,6176,155,37
42.304354,-89.520919,2026-04-15 01:05:47.583044096,3,12767,102,24
42.664463,-88.877283,2026-04-15 01:05:48.190294272,3,5055,124,67
42.645673,-89.227642,2026-04-15 01:05:48.190274304,3,8326,267,48
42.570501,-88.983478,2026-04-15 01:05:48.190338816,3,3843,117,35
42.625476,-88.960198,2026-04-15 01:05:48.190345216,3,4883,154,22
19.21073,-63.040833,2026-04-15 01:05:48.513378560,3,5146,192,27
43.634221,-87.639842,2026-04-15 01:05:55.574889984,3,13143,112,21
39.869764,-76.85715,2026-04-15 01:05:56.452919808,3,8123,148,17
39.870783,-76.846306,2026-04-15 01:05:56.469255936,3,10716,109,17
44.857683,-88.04665,2026-04-15 01:05:56.724634880,3,13799,114,66
44.799734,-87.975225,2026-04-15 01:05:56.724651776,3,10437,107,40
42.708916,-89.337937,2026-04-15 01:05:57.912826624,3,14070,186,37
43.472373,-86.050285,2026-04-15 01:05:57.975923456,3,13707,135,36
43.456704,-86.151037,2026-04-15 01:05:57.975888128,3,5977,233,24
34.472176,-98.837221,2026-04-15 01:05:58.782465792,3,10928,171,26
40.381435,-83.580635,2026-04-15 01:05:59.343753472,3,8386,214,29
40.396132,-83.687258,2026-04-15 01:05:59.343787264,3,12022,155,24
34.275118,-98.656563,2026-04-15 01:06:00.198279424,3,12147,126,27
34.240147,-98.555194,2026-04-15 01:06:00.445195008,3,4666,129,92
34.277599,-98.574177,2026-04-15 01:06:00.445211136,3,6924,178,79
34.245819,-98.596442,2026-04-15 01:06:00.445250304,3,11393,174,57
43.136588,-87.157963,2026-04-15 01:06:07.614301440,3,7879,85,62
43.126536,-87.201813,2026-04-15 01:06:07.614286848,3,11322,223,82
43.088734,-87.160535,2026-04-15 01:06:07.614309376,3,9944,111,60
42.979475,-86.964811,2026-04-15 01:06:07.614356224,3,11560,183,46
43.139524,-87.225062,2026-04-15 01:06:07.614336000,3,11836,105,33
43.541526,-86.489072,2026-04-15 01:06:07.728834304,3,6823,117,24
43.387292,-87.060195,2026-04-15 01:06:08.215685376,3,10221,153,35
43.390124,-87.034673,2026-04-15 01:06:08.215693312,3,5737,244,22
43.565077,-86.726103,2026-04-15 01:06:09.284472576,3,9192,117,31
43.559048,-86.699353,2026-04-15 01:06:09.284474880,3,5509,243,17
43.508425,-86.286786,2026-04-15 01:06:09.335133440,3,9972,153,26
42.279354,-90.384904,2026-04-15 01:06:09.411703808,3,6294,210,25
42.249184,-90.196025,2026-04-15 01:06:09.945286144,3,14620,70,55
42.243428,-90.348102,2026-04-15 01:06:09.945295872,3,8618,242,40
42.210785,-90.253256,2026-04-15 01:06:09.945315840,3,5328,203,27
34.351167,-99.178166,2026-04-15 01:06:10.650834432,3,14575,251,29
34.428261,-98.661877,2026-04-15 01:06:10.887751168,3,14703,236,42
34.339816,-98.567702,2026-04-15 01:06:10.922718720,3,14815,95,24
43.346914,-86.145981,2026-04-15 01:06:11.27346944,3,13325,238,34
43.381182,-85.931628,2026-04-15 01:06:11.27395328,3,8906,217,17
44.13422,-87.23214,2026-04-15 01:06:11.141739520,3,8570,148,62
44.164011,-87.286998,2026-04-15 01:06:11.141721344,3,4303,230,46
44.161857,-87.242554,2026-04-15 01:06:11.261158912,3,7227,83,63
44.157504,-87.281449,2026-04-15 01:06:11.261148416,3,5277,230,48
44.169103,-87.251176,2026-04-15 01:06:11.261211904,3,3059,151,27
43.073931,-87.356533,2026-04-15 01:06:11.371974144,3,9464,154,25
44.129841,-87.349203,2026-04-15 01:06:11.468659200,3,13484,148,42
44.181499,-87.538822,2026-04-15 01:06:11.468605952,3,4260,264,29
44.651437,-87.718725,2026-04-15 01:06:12.184877824,3,7893,131,17
43.347095,-86.961328,2026-04-15 01:06:12.387281408,3,9192,135,55
43.362746,-87.030897,2026-04-15 01:06:12.387266304,3,6457,225,37
43.347838,-86.9752,2026-04-15 01:06:12.387339264,3,4457,135,22
42.154359,-89.96651,2026-04-15 01:06:12.788880640,3,9269,237,35
43.552728,-86.499527,2026-04-15 01:06:13.514968576,3,10749,133,30
43.534427,-86.394831,2026-04-15 01:06:13.514996480,3,11066,102,23
42.871107,-89.1948,2026-04-15 01:06:13.546237184,3,4488,87,75
42.849129,-89.229044,2026-04-15 01:06:13.546243584,3,7691,107,61
42.795447,-89.527354,2026-04-15 01:06:13.546206976,3,12608,256,45
42.845037,-89.247899,2026-04-15 01:06:13.546286592,3,11171,113,28
43.445962,-86.145264,2026-04-15 01:06:13.696558592,3,6591,248,25
44.684024,-87.107295,2026-04-15 01:06:13.711478784,3,9132,131,21
35.446698,-98.112504,2026-04-15 01:06:13.788516096,3,11838,128,57
44.449023,-86.63526,2026-04-15 01:06:21.590003456,3,6497,104,67
44.256936,-86.67599,2026-04-15 01:06:21.590060800,3,14961,132,46
44.423194,-86.694439,2026-04-15 01:06:21.590059264,3,9529,113,30
43.431501,-87.008499,2026-04-15 01:06:21.713203712,3,12105,71,31
43.309543,-87.028527,2026-04-15 01:06:22.63226880,3,14540,75,94
43.312089,-87.106725,2026-04-15 01:06:22.63224320,3,5466,224,74
43.317706,-87.145384,2026-04-15 01:06:22.63217664,3,5385,225,61
43.185335,-86.971143,2026-04-15 01:06:22.63282688,3,12635,151,42
42.51187,-91.01139,2026-04-15 01:06:22.875305728,3,14706,85,38
42.493619,-90.907611,2026-04-15 01:06:22.875328000,3,3740,185,22
35.232377,-97.215978,2026-04-15 01:06:23.698412544,3,9391,134,29
43.361907,-87.069614,2026-04-15 01:06:30.740355072,3,13287,171,46
43.301593,-87.228745,2026-04-15 01:06:30.740351232,3,10749,241,33
43.357734,-87.044715,2026-04-15 01:06:30.740396032,3,6273,223,20
43.094627,-87.229813,2026-04-15 01:06:30.792440064,3,10522,146,41
34.313959,-98.395353,2026-04-15 01:06:31.82032384,3,14638,188,30
43.517276,-86.373792,2026-04-15 01:06:31.92438784,3,12096,150,29
34.303577,-98.658265,2026-04-15 01:06:31.372563200,3,12647,137,26
40.347622,-82.946475,2026-04-15 01:06:31.803791360,3,12857,207,22
42.722685,-89.475877,2026-04-15 01:06:32.32458496,3,14008,199,39
42.747035,-89.383094,2026-04-15 01:06:32.32476160,3,4902,164,19
43.59375,-86.651106,2026-04-15 01:06:32.262018816,3,11116,135,33
43.54717,-86.754674,2026-04-15 01:06:32.261993472,3,13771,222,17
36.147027,-97.849745,2026-04-15 01:06:33.76956416,3,13437,78,22
42.97227,-85.858827,2026-04-15 01:06:33.322681088,3,8563,157,26
42.230105,-90.231451,2026-04-15 01:06:33.393674752,3,8870,93,26
42.232178,-90.256398,2026-04-15 01:06:33.435912960,3,7495,106,25
44.223746,-86.500449,2026-04-15 01:06:33.892138752,3,14786,151,36
44.198604,-86.588191,2026-04-15 01:06:33.892116480,3,4868,231,22
44.292324,-86.896463,2026-04-15 01:06:33.901939712,3,11812,241,34
44.227289,-86.402587,2026-04-15 01:06:33.902067456,3,8364,106,21
43.610863,-85.782461,2026-04-15 01:06:34.96623104,3,8395,235,25
42.762526,-89.008103,2026-04-15 01:06:36.58391296,3,4973,110,51
42.743082,-89.007931,2026-04-15 01:06:36.58454528,3,10872,197,38
42.745878,-89.061053,2026-04-15 01:06:36.58444032,3,6812,132,25
42.275364,-89.723103,2026-04-15 01:06:36.140710144,3,7012,174,26
43.085518,-87.299861,2026-04-15 01:06:36.205439488,3,12901,99,35
43.091744,-87.273267,2026-04-15 01:06:36.205440256,3,7860,224,20
34.105585,-98.527086,2026-04-15 01:06:36.378135808,3,11172,114,64
34.240511,-98.681889,2026-04-15 01:06:37.329876992,3,9304,171,31
34.238382,-98.687354,2026-04-15 01:06:37.365287168,3,9580,171,25
34.299641,-98.50525,2026-04-15 01:06:37.414717696,3,9569,106,53
34.311046,-98.528705,2026-04-15 01:06:37.571433216,3,11849,76,42
43.407187,-87.147687,2026-04-15 01:06:38.605438208,3,8746,158,26
43.1363,-87.29621,2026-04-15 01:06:39.541997824,3,7854,176,27
42.240317,-90.365373,2026-04-15 01:06:39.625426688,3,12782,123,41
42.796894,-88.927892,2026-04-15 01:06:40.682310400,3,5272,118,98
42.776839,-89.005319,2026-04-15 01:06:40.682311168,3,4557,264,79
42.692635,-88.796055,2026-04-15 01:06:40.682380288,3,11632,138,51
35.431073,-98.162841,2026-04-15 01:06:40.750641408,3,8886,121,60
35.45643,-98.236331,2026-04-15 01:06:40.750669056,3,12830,72,47
43.032448,-87.537629,2026-04-15 01:06:48.595096320,3,13322,202,22
40.429672,-82.736011,2026-04-15 01:06:49.422276608,3,14597,81,52
40.501294,-82.665834,2026-04-15 01:06:49.422383104,3,13087,228,30
40.443801,-82.711707,2026-04-15 01:06:49.422360064,3,13540,112,18
43.532606,-86.18178,2026-04-15 01:06:49.725301760,3,14592,220,17
42.816161,-89.101097,2026-04-15 01:06:49.808641792,3,13279,96,21
43.374509,-87.134537,2026-04-15 01:06:49.840382208,3,10529,153,24
42.301611,-89.557642,2026-04-15 01:06:49.898867712,3,9206,95,20
31.768634,-102.118157,2026-04-15 01:06:50.289801216,3,12429,213,20
34.49611,-98.750848,2026-04-15 01:06:50.452832768,3,11198,75,25
44.655186,-87.143782,2026-04-15 01:06:51.308408320,3,12404,129,24
44.604689,-87.19262,2026-04-15 01:06:51.333116928,3,10574,136,23
42.39298,-89.505059,2026-04-15 01:06:51.673050880,3,10782,103,33
42.362623,-89.473412,2026-04-15 01:06:51.673056512,3,2716,262,21
42.358261,-89.686463,2026-04-15 01:06:51.752512256,3,10569,175,31
42.399218,-89.542185,2026-04-15 01:06:51.752550656,3,8103,212,18
35.33777,-97.151988,2026-04-15 01:06:51.874974464,3,7287,100,60
35.33906,-97.240705,2026-04-15 01:06:51.875010304,3,10449,101,47
35.325089,-97.263982,2026-04-15 01:06:51.874993152,3,5757,223,33
35.333695,-97.172761,2026-04-15 01:06:52.8297728,3,13830,122,73
35.335862,-97.107827,2026-04-15 01:06:52.8317696,3,14926,147,58
35.345601,-97.245855,2026-04-15 01:06:52.8335616,3,7569,148,46
39.818153,-76.915546,2026-04-15 01:06:52.268253696,3,8760,108,16
35.350643,-97.236821,2026-04-15 01:06:52.350770176,3,9103,134,30
43.56205,-86.35256,2026-04-15 01:06:52.639117824,3,14229,155,19
42.53115,-89.376158,2026-04-15 01:06:52.695246592,3,9620,118,24
42.918092,-88.96026,2026-04-15 01:06:54.392456448,3,13234,90,22
42.714489,-89.071853,2026-04-15 01:06:54.696353536,3,5755,93,27
42.816432,-89.196154,2026-04-15 01:06:54.759598080,3,10887,86,27
43.10969,-85.607704,2026-04-15 01:06:54.873012736,3,4704,232,22
42.521477,-90.939674,2026-04-15 01:06:55.29096192,3,8395,185,51
42.848282,-87.608655,2026-04-15 01:06:55.312580096,3,14115,193,47
42.985808,-87.560705,2026-04-15 01:06:55.312617984,3,6189,174,34
41.190434,-75.575082,2026-04-15 01:06:55.611311360,3,13372,89,30
41.179336,-75.545361,2026-04-15 01:06:55.611311360,3,12953,107,16
41.21531,-75.579968,2026-04-15 01:06:55.637794048,3,13668,136,19
44.204878,-87.643971,2026-04-15 01:06:56.295860736,3,4270,189,61
44.193626,-87.743057,2026-04-15 01:06:56.295909888,3,8243,121,43
34.706242,-98.250613,2026-04-15 01:06:56.388068352,3,7816,243,27
42.750878,-89.125977,2026-04-15 01:07:03.551687424,3,9818,150,21
34.881146,-97.902873,2026-04-15 01:07:04.464762368,3,13828,115,46
34.815826,-98.022067,2026-04-15 01:07:04.464762880,3,5580,267,31
42.519862,-90.96995,2026-04-15 01:07:04.555071232,3,12342,77,29
42.492606,-90.876873,2026-04-15 01:07:04.559517696,3,10018,95,30
42.476367,-90.87015,2026-04-15 01:07:04.559513856,3,12067,95,16
44.689056,-88.17778,2026-04-15 01:07:04.776450816,3,6792,111,42
44.668009,-88.132137,2026-04-15 01:07:04.776460800,3,2394,264,27
35.051063,-98.427859,2026-04-15 01:07:04.978768384,3,14451,109,51
34.95233,-98.006687,2026-04-15 01:07:05.146323200,3,12370,163,22
42.29447,-90.420686,2026-04-15 01:07:05.406786560,3,13863,203,29
34.86679,-98.390307,2026-04-15 01:07:05.560940800,3,13977,119,39
34.929805,-98.323994,2026-04-15 01:07:05.560969472,3,6353,141,24
34.953187,-98.699713,2026-04-15 01:07:05.861462528,3,7224,237,31
42.9901,-89.009933,2026-04-15 01:07:05.899653120,3,14311,91,26
41.884736,-73.734456,2026-04-15 01:07:13.292220672,3,12491,108,28
34.430184,-98.565153,2026-04-15 01:07:13.398097920,3,14647,102,56
34.395386,-98.646876,2026-04-15 01:07:13.398123776,3,11024,100,43
34.579243,-98.558082,2026-04-15 01:07:13.398188800,3,5748,256,30
42.634939,-89.147646,2026-04-15 01:07:13.658322432,3,11504,152,18
43.519062,-87.054063,2026-04-15 01:07:13.964289024,3,7550,137,57
43.54049,-87.099928,2026-04-15 01:07:13.964286464,3,5579,226,43
43.490485,-87.378487,2026-04-15 01:07:13.964271360,3,8713,262,29
43.540231,-87.085856,2026-04-15 01:07:13.964338432,3,7951,108,16
34.741727,-98.298429,2026-04-15 01:07:14.188861952,3,12050,127,20
44.560807,-87.347221,2026-04-15 01:07:14.885698304,3,13246,155,23
44.561557,-87.404388,2026-04-15 01:07:14.885691904,3,8515,216,38
44.578949,-87.270589,2026-04-15 01:07:14.885731072,3,10901,109,23
44.550007,-87.356258,2026-04-15 01:07:14.901810688,3,10190,123,48
44.725334,-87.944413,2026-04-15 01:07:14.901732608,3,11376,240,34
44.570569,-87.388177,2026-04-15 01:07:14.901873920,3,12621,105,21
34.564725,-98.765595,2026-04-15 01:07:14.912357888,3,9820,106,31
34.54911,-98.761016,2026-04-15 01:07:14.912362240,3,5648,157,20
42.29053,-89.845148,2026-04-15 01:07:15.103916800,3,9840,155,20
34.552784,-98.787893,2026-04-15 01:07:15.190752000,3,12577,95,26
34.427555,-98.777998,2026-04-15 01:07:15.766925056,3,13615,129,20
19.582999,-63.124936,2026-04-15 01:07:15.821824512,3,9953,188,33
40.346222,-82.892897,2026-04-15 01:07:15.871511040,3,6477,182,33
42.468926,-89.115957,2026-04-15 01:07:15.886901248,3,13855,118,31
43.115235,-87.092534,2026-04-15 01:07:15.945999104,3,11146,227,18
44.578308,-87.188978,2026-04-15 01:07:16.434418688,3,6675,233,20
41.411667,-74.674177,2026-04-15 01:07:16.511373568,3,9529,177,50
40.255936,-82.581228,2026-04-15 01:07:23.956262912,3,5700,226,34
40.178751,-82.643385,2026-04-15 01:07:23.956302336,3,14785,194,29
40.080738,-82.6824,2026-04-15 01:07:23.986429440,3,8922,89,33
40.213428,-82.561172,2026-04-15 01:07:24.99326464,3,14464,68,59
40.290298,-82.530264,2026-04-15 01:07:24.99363840,3,7798,150,36
40.208223,-82.689862,2026-04-15 01:07:24.99358208,3,13035,149,23
40.201954,-82.559431,2026-04-15 01:07:24.155955712,3,10943,137,36
40.079118,-82.677543,2026-04-15 01:07:24.217649920,3,6263,100,24
40.200927,-82.55461,2026-04-15 01:07:24.370705664,3,10492,148,47
44.870518,-88.926025,2026-04-15 01:07:24.384592640,3,11730,142,21
34.334325,-98.670798,2026-04-15 01:07:24.437158400,3,13446,137,26
34.440849,-98.647574,2026-04-15 01:07:24.580919296,3,10294,230,64
34.447774,-98.662854,2026-04-15 01:07:24.580963584,3,14025,131,50
43.073673,-87.947833,2026-04-15 01:07:24.656826368,3,12467,133,19
42.500149,-89.15662,2026-04-15 01:07:24.803330304,3,12380,106,55
42.530178,-89.083072,2026-04-15 01:07:24.803410944,3,8857,160,42
42.51706,-89.158053,2026-04-15 01:07:24.803389184,3,6467,118,17
42.254355,-90.234628,2026-04-15 01:07:25.627830016,3,9769,60,73
42.257323,-90.383685,2026-04-15 01:07:25.627875840,3,11219,157,58
42.982816,-87.897938,2026-04-15 01:07:26.312698624,3,11025,260,32
42.947805,-87.696439,2026-04-15 01:07:26.312757248,3,5129,245,16
43.00331,-87.051674,2026-04-15 01:07:26.943910656,3,7199,156,22
44.563623,-87.167488,2026-04-15 01:07:27.184980736,3,11996,129,24
43.194818,-87.134342,2026-04-15 01:07:27.249239552,3,6874,117,34
43.210743,-87.070824,2026-04-15 01:07:27.249249280,3,5215,105,24
43.20948,-86.991828,2026-04-15 01:07:27.855471872,3,9286,136,18
43.165509,-87.233783,2026-04-15 01:07:27.872997888,3,8286,158,26
41.713011,-84.730214,2026-04-15 01:07:28.306540544,3,10426,151,33
41.729072,-84.649886,2026-04-15 01:07:28.306555648,3,6761,208,17
44.247907,-86.429211,2026-04-15 01:07:28.323149824,3,5428,224,22
42.636712,-89.235076,2026-04-15 01:07:28.622693120,3,10818,108,47
43.545661,-85.962598,2026-04-15 01:07:28.876071936,3,7284,218,20
42.762611,-89.389064,2026-04-15 01:07:31.181460736,3,13879,241,35
42.721244,-89.082779,2026-04-15 01:07:31.181540096,3,4581,261,21
35.29758,-97.229929,2026-04-15 01:07:32.798150400,3,13087,209,64
35.263259,-97.398811,2026-04-15 01:07:32.798144512,3,11222,149,49
35.235628,-97.368694,2026-04-15 01:07:32.798158848,3,8453,217,36
42.363308,-89.545594,2026-04-15 01:07:32.992676096,3,7334,72,105
42.349536,-89.579228,2026-04-15 01:07:32.992684544,3,3330,125,85
42.364682,-89.6377,2026-04-15 01:07:32.992671488,3,2768,252,72
43.102257,-87.324419,2026-04-15 01:07:34.201954816,3,7980,244,28
34.705261,-98.304462,2026-04-15 01:07:34.600140800,3,14942,91,37
43.396394,-86.955143,2026-04-15 01:07:34.705592320,3,12801,135,44
43.382417,-86.989429,2026-04-15 01:07:34.705649920,3,8625,111,28
40.266262,-82.685387,2026-04-15 01:07:35.343036672,3,10795,86,24
34.423243,-99.02965,2026-04-15 01:07:35.477526784,3,7894,249,23
43.488488,-86.40705,2026-04-15 01:07:36.14918144,3,6787,261,25
44.455699,-86.270839,2026-04-15 01:07:36.390905344,3,10875,149,16
42.976947,-87.487899,2026-04-15 01:07:36.725308416,3,11616,180,25
43.054002,-85.621306,2026-04-15 01:07:36.838850560,3,8484,115,25
43.054911,-85.637728,2026-04-15 01:07:36.838856448,3,4657,118,84
43.03162,-85.634527,2026-04-15 01:07:36.838862592,3,2573,178,65
43.037162,-85.641461,2026-04-15 01:07:36.838861568,3,4449,120,51
43.067146,-85.728957,2026-04-15 01:07:36.838887168,3,11766,127,31
43.441779,-86.121041,2026-04-15 01:07:37.116576000,3,8135,218,22
40.122119,-82.892872,2026-04-15 01:07:38.331027456,3,13319,97,25
43.082759,-87.711186,2026-04-15 01:07:38.527915520,3,9402,140,27
35.12728,-97.400071,2026-04-15 01:07:38.613451520,3,9562,131,39
42.326108,-89.775351,2026-04-15 01:07:38.694832896,3,13444,108,35
42.453899,-91.06223,2026-04-15 01:07:38.881523968,3,10879,127,16
42.294613,-89.811697,2026-04-15 01:07:38.984176896,3,5956,137,23
41.390363,-75.038789,2026-04-15 01:07:39.963159808,3,13974,117,50
41.387905,-75.030946,2026-04-15 01:07:39.963231744,3,14572,93,36
44.437816,-86.653515,2026-04-15 01:07:40.14598400,3,13240,129,21
42.804461,-89.188374,2026-04-15 01:07:40.22603264,3,10799,98,21
44.112661,-87.640895,2026-04-15 01:07:40.691593984,3,13407,135,51
44.266667,-88.150131,2026-04-15 01:07:40.691529728,3,14312,237,38
43.04284,-87.252745,2026-04-15 01:07:41.140245760,3,9181,238,24
34.129812,-98.768389,2026-04-15 01:07:41.623244800,3,2934,183,67
34.144561,-98.765357,2026-04-15 01:07:41.623245568,3,14578,182,72
34.072505,-98.938315,2026-04-15 01:07:41.623249152,3,9397,236,58
43.021138,-85.674102,2026-04-15 01:07:42.82964736,3,10375,141,67
43.051509,-85.807215,2026-04-15 01:07:42.82957568,3,9221,213,53
44.416886,-86.526889,2026-04-15 01:07:43.733947648,3,9575,97,17
45.142035,-85.570515,2026-04-15 01:07:43.799941376,3,13023,228,23
44.443283,-86.588916,2026-04-15 01:07:43.957645056,3,11783,97,22
43.284771,-87.140016,2026-04-15 01:07:44.61785088,3,14138,172,30
34.572414,-98.72648,2026-04-15 01:07:44.399631872,3,7209,106,24
43.461624,-85.935349,2026-04-15 01:07:46.271345152,3,9444,216,36
47.506533,-102.345476,2026-04-15 01:07:46.273071104,3,11923,117,29
43.483318,-85.881228,2026-04-15 01:07:46.664694272,3,10648,105,44
43.323189,-85.931071,2026-04-15 01:07:46.664747008,3,14045,208,33
43.485373,-85.975593,2026-04-15 01:07:46.664731392,3,5719,218,20
44.571462,-87.270356,2026-04-15 01:07:47.222799104,3,6747,138,30
44.565094,-87.160607,2026-04-15 01:07:47.222823680,3,9964,110,31
44.552017,-87.161281,2026-04-15 01:07:47.224725760,3,7959,143,27
43.496862,-86.561724,2026-04-15 01:07:47.354134528,3,14434,221,45
43.469711,-86.672763,2026-04-15 01:07:47.354143232,3,8940,208,28
43.491896,-85.884473,2026-04-15 01:07:47.548035840,3,10631,177,66
43.569112,-86.015401,2026-04-15 01:07:47.548017152,3,12439,217,51
43.508757,-86.144863,2026-04-15 01:07:47.548038912,3,6481,203,40
43.56611,-85.964255,2026-04-15 01:07:47.548078080,3,11934,111,34
43.136629,-87.134562,2026-04-15 01:07:56.545896704,3,10337,100,25
44.40476,-86.549759,2026-04-15 01:07:57.702845440,3,9815,227,23
43.029828,-87.272405,2026-04-15 01:07:57.829578496,3,6918,137,19
43.032714,-87.150969,2026-04-15 01:07:57.853221632,3,10104,130,66
43.043852,-87.260785,2026-04-15 01:07:57.853215232,3,5310,257,53
43.041087,-87.175044,2026-04-15 01:07:57.853238784,3,12183,105,41
43.006363,-87.167983,2026-04-15 01:07:57.853293824,3,13052,98,27
42.978134,-89.035298,2026-04-15 01:07:58.619909632,3,6653,247,23
42.319845,-89.680468,2026-04-15 01:07:58.786775552,3,12125,81,29
19.61608,-63.076357,2026-04-15 01:07:58.851541248,3,7923,165,23
42.329536,-90.278451,2026-04-15 01:07:58.946601472,3,10383,102,22
43.528339,-86.469916,2026-04-15 01:07:59.409319680,3,8352,223,17
44.560858,-87.174718,2026-04-15 01:07:59.696923392,3,8234,129,20
43.487492,-86.230612,2026-04-15 01:07:59.987757312,3,6665,105,31
43.117246,-87.308871,2026-04-15 01:08:00.22885632,3,10424,150,40
42.979596,-87.505088,2026-04-15 01:08:00.22824192,3,9096,251,24
42.888655,-87.101812,2026-04-15 01:08:00.47433472,3,8370,257,25
43.568939,-86.149229,2026-04-15 01:08:00.170745600,3,12973,128,31
43.594674,-86.167236,2026-04-15 01:08:00.170735872,3,12041,220,17
42.544254,-89.249426,2026-04-15 01:08:00.462888960,3,10763,86,26
41.350383,-74.458833,2026-04-15 01:08:00.585635840,3,13675,122,28
39.674633,-77.158005,2026-04-15 01:08:01.614369536,3,13352,159,25
43.565825,-86.036876,2026-04-15 01:08:01.617824256,3,10304,113,31
42.259152,-90.346828,2026-04-15 01:08:01.758051584,3,6430,93,23
43.356732,-86.853565,2026-04-15 01:08:02.367776000,3,14470,89,77
43.362693,-86.931966,2026-04-15 01:08:02.367764480,3,9031,253,86
43.350685,-86.909315,2026-04-15 01:08:02.367772416,3,12722,223,69
43.311661,-86.871352,2026-04-15 01:08:02.367795968,3,6240,106,50
43.627269,-86.064119,2026-04-15 01:08:09.607326720,3,14474,218,35
43.585633,-85.711178,2026-04-15 01:08:09.607392512,3,9498,99,22
43.014061,-87.17861,2026-04-15 01:08:10.155453696,3,14124,101,21
43.368442,-87.180615,2026-04-15 01:08:10.422348800,3,8830,242,25
43.484454,-86.47333,2026-04-15 01:08:10.737187072,3,13677,235,33
43.527581,-86.280018,2026-04-15 01:08:10.737245952,3,5869,253,19
34.499507,-98.597432,2026-04-15 01:08:10.813609216,3,12614,84,50
34.49861,-98.682027,2026-04-15 01:08:10.813639168,3,11440,101,38
45.427421,-85.402986,2026-04-15 01:08:10.890504448,3,7673,223,21
44.151581,-87.586252,2026-04-15 01:08:11.116270080,3,11053,147,56
44.141938,-87.847068,2026-04-15 01:08:11.116270336,3,8598,239,42
44.150898,-87.630475,2026-04-15 01:08:11.116323072,3,5887,118,29
41.056981,-76.707344,2026-04-15 01:08:11.894659584,3,4453,125,26
41.033728,-76.72108,2026-04-15 01:08:11.906521856,3,8471,103,17
41.021953,-76.699323,2026-04-15 01:08:11.906530304,3,9366,133,31
41.108816,-76.695398,2026-04-15 01:08:12.81534720,3,8023,69,60
41.109984,-76.685125,2026-04-15 01:08:12.81536768,3,12320,103,54
41.078457,-76.67758,2026-04-15 01:08:12.81602048,3,13280,98,30
42.582985,-89.171734,2026-04-15 01:08:12.645526528,3,9975,114,24
43.100074,-87.082754,2026-04-15 01:08:13.508872448,3,11073,116,77
43.103256,-87.144444,2026-04-15 01:08:13.508870144,3,4191,224,61
43.106717,-87.162408,2026-04-15 01:08:13.508866560,3,5168,225,47
43.108371,-87.134582,2026-04-15 01:08:13.508924928,3,5405,115,34
29.781519,-100.711691,2026-04-15 01:08:14.143454720,3,10279,142,30
43.144255,-86.989873,2026-04-15 01:08:14.268639488,3,10247,120,37
43.140936,-87.078334,2026-04-15 01:08:14.268679424,3,6370,237,23
42.232221,-90.292637,2026-04-15 01:08:15.727012864,3,14047,65,32
42.20453,-90.158715,2026-04-15 01:08:15.727056640,3,8577,107,19
42.288432,-90.182384,2026-04-15 01:08:16.111876864,3,12495,78,28
42.265612,-90.103705,2026-04-15 01:08:16.111906304,3,10001,215,16
44.553938,-87.380106,2026-04-15 01:08:16.206004992,3,11882,123,38
44.570954,-87.477253,2026-04-15 01:08:16.206022656,3,5280,264,25
34.714275,-98.260294,2026-04-15 01:08:16.229930240,3,13197,166,35
40.117178,-82.732278,2026-04-15 01:08:16.482432512,3,6843,108,25
40.112586,-82.692387,2026-04-15 01:08:16.597187584,3,9797,89,14
40.147187,-82.713019,2026-04-15 01:08:16.692726016,3,6792,110,15
42.95009,-87.662075,2026-04-15 01:08:17.600262144,3,7747,114,22
34.982581,-97.834232,2026-04-15 01:08:17.791835904,3,14535,106,36
43.143074,-87.098295,2026-04-15 01:08:18.466247680,3,14893,155,48
43.221966,-87.03237,2026-04-15 01:08:18.466268928,3,6723,205,34
43.208558,-87.012902,2026-04-15 01:08:18.466264576,3,10887,104,19
40.118586,-82.854116,2026-04-15 01:08:18.822291200,3,11340,110,22
35.183342,-97.262511,2026-04-15 01:08:19.125777152,3,7160,179,58
35.179709,-97.290389,2026-04-15 01:08:19.125819136,3,10069,75,44
35.177409,-97.290029,2026-04-15 01:08:19.125829888,3,9643,148,31
35.201741,-97.308396,2026-04-15 01:08:19.158950656,3,8475,203,30
43.227863,-86.971936,2026-04-15 01:08:19.192410112,3,7120,163,68
43.049449,-87.04308,2026-04-15 01:08:19.192471552,3,14095,122,47
43.162673,-87.319605,2026-04-15 01:08:19.192392960,3,5538,261,34
43.222968,-87.049486,2026-04-15 01:08:19.192466688,3,5998,110,21
35.180222,-97.301304,2026-04-15 01:08:19.322403840,3,13697,102,26
44.876033,-88.911326,2026-04-15 01:08:19.384679936,3,13538,154,20
42.18831,-91.156297,2026-04-15 01:08:19.393274368,3,12156,140,22
43.361474,-91.172824,2026-04-15 01:08:19.406361088,3,13566,113,24
43.530497,-86.601498,2026-04-15 01:08:19.818563840,3,14453,105,78
43.528848,-86.644706,2026-04-15 01:08:19.818557440,3,3522,220,55
43.485984,-86.798691,2026-04-15 01:08:19.818566400,3,4354,221,41
40.252941,-82.691978,2026-04-15 01:08:20.969782784,3,12778,115,32
40.30467,-82.65998,2026-04-15 01:08:20.969874688,3,10802,248,14
41.226525,-75.585559,2026-04-15 01:08:21.549945856,3,7192,173,37
41.203782,-75.574776,2026-04-15 01:08:21.550007296,3,8033,109,24
42.263674,-89.948719,2026-04-15 01:08:21.618439680,3,11550,110,42
42.202231,-90.210976,2026-04-15 01:08:21.618430464,3,7038,247,29
42.731124,-89.00042,2026-04-15 01:08:21.713519616,3,9311,215,20
29.291421,-101.394472,2026-04-15 01:08:21.975480832,3,11707,118,22
42.754656,-89.119917,2026-04-15 01:08:22.25053440,3,13088,201,31
42.706879,-89.058233,2026-04-15 01:08:22.25059840,3,12627,170,18
40.333845,-82.902339,2026-04-15 01:08:23.639421696,3,8237,117,31
44.686348,-87.739157,2026-04-15 01:08:23.801412352,3,11736,137,19
42.379232,-89.787299,2026-04-15 01:08:24.238457344,3,14151,93,16
43.036562,-87.190778,2026-04-15 01:08:24.454117120,3,4529,161,40
43.03623,-87.287348,2026-04-15 01:08:24.454160640,3,9058,239,32
43.346402,-86.978995,2026-04-15 01:08:24.583342080,3,4839,254,22
43.107955,-88.003369,2026-04-15 01:08:25.372636416,3,6016,147,24
42.204246,-90.260387,2026-04-15 01:08:25.428447744,3,7319,122,72
42.168568,-90.295044,2026-04-15 01:08:25.428477952,3,8203,134,59
42.196762,-90.311504,2026-04-15 01:08:25.428518656,3,7438,115,46
42.817225,-89.140781,2026-04-15 01:08:25.503608576,3,10203,113,40
42.764941,-89.056097,2026-04-15 01:08:25.503633920,3,5721,243,29
43.436003,-88.469004,2026-04-15 01:08:26.99801600,3,10778,102,23
42.278579,-90.174057,2026-04-15 01:08:26.160997376,3,4892,68,28
43.536888,-85.921134,2026-04-15 01:08:26.407465728,3,11439,106,50
43.510577,-86.126148,2026-04-15 01:08:26.407481344,3,7911,203,34
43.530314,-85.954713,2026-04-15 01:08:26.407519488,3,12380,101,20
42.746646,-90.602043,2026-04-15 01:08:26.544423424,3,12146,80,19
34.446441,-98.634484,2026-04-15 01:08:26.568234496,3,14120,188,30
43.09148,-87.089315,2026-04-15 01:08:26.786092032,3,10735,146,76
43.109005,-87.11481,2026-04-15 01:08:26.786088192,3,8148,187,63
43.095898,-87.077781,2026-04-15 01:08:26.786087680,3,12725,133,49
43.095603,-87.110283,2026-04-15 01:08:26.786138112,3,10335,119,25
43.117562,-87.020649,2026-04-15 01:08:27.466750720,3,9171,194,40
43.082202,-86.923117,2026-04-15 01:08:27.466779136,3,6758,247,28
40.258229,-82.665704,2026-04-15 01:08:27.532545792,3,6831,93,20
42.72291,-89.069477,2026-04-15 01:08:27.867059200,3,12254,85,29
42.693021,-88.975626,2026-04-15 01:08:27.867093248,3,11831,210,13
42.651405,-90.606882,2026-04-15 01:08:28.134828800,3,14563,79,18
42.640179,-90.614543,2026-04-15 01:08:28.226508032,3,14005,79,27
42.190555,-89.48762,2026-04-15 01:08:28.444096256,3,13330,196,36
44.241376,-86.39391,2026-04-15 01:08:28.852536832,3,7781,225,22
44.528029,-87.441773,2026-04-15 01:08:28.882168320,3,8157,244,23
43.203121,-88.367726,2026-04-15 01:08:29.470328064,3,11629,187,32
43.223088,-88.519229,2026-04-15 01:08:29.470284288,3,4800,254,16
39.578104,-77.20149,2026-04-15 01:08:29.584902400,3,9024,87,42
39.592815,-77.200642,2026-04-15 01:08:29.584910848,3,5595,166,37
43.310328,-88.547746,2026-04-15 01:08:29.606694912,3,9146,100,41
43.286268,-88.540947,2026-04-15 01:08:29.606697472,3,4042,264,29
42.647243,-88.970604,2026-04-15 01:08:29.630372352,3,14099,97,18
42.219381,-90.293332,2026-04-15 01:08:29.781579776,3,11504,69,64
42.24304,-90.892108,2026-04-15 01:08:29.781499136,3,14268,252,49
43.4499,-85.797916,2026-04-15 01:08:29.899154688,3,10733,217,19
42.448741,-91.038642,2026-04-15 01:08:30.166031104,3,12760,84,44
42.451306,-91.092607,2026-04-15 01:08:30.166081792,3,4674,247,31
43.54179,-86.663307,2026-04-15 01:08:30.355906816,3,6964,243,21
43.487468,-86.175195,2026-04-15 01:08:30.653175040,3,10644,110,33
43.410815,-88.537542,2026-04-15 01:08:31.474561280,3,7688,160,63
43.308516,-88.5456,2026-04-15 01:08:31.474622464,3,4502,224,34
43.118244,-86.962083,2026-04-15 01:08:31.514226176,3,12577,131,27
42.744132,-88.875733,2026-04-15 01:08:31.794383616,3,13080,182,26
40.223365,-82.817096,2026-04-15 01:08:31.803839488,3,14293,153,22
44.588934,-87.249303,2026-04-15 01:08:32.46812416,3,6085,147,29
44.554571,-87.173636,2026-04-15 01:08:32.46835200,3,8376,120,16
45.343646,-85.315985,2026-04-15 01:08:32.408927232,3,9725,229,23
43.528033,-86.510059,2026-04-15 01:08:34.255186176,3,14455,125,47
43.501503,-86.569344,2026-04-15 01:08:34.255167232,3,8937,209,35
43.570537,-86.417861,2026-04-15 01:08:34.255206400,3,14956,183,17
43.530344,-87.013883,2026-04-15 01:08:34.463078912,3,10321,241,28
31.73303,-102.18144,2026-04-15 01:08:34.715112960,3,14090,209,20
43.0919,-87.328159,2026-04-15 01:08:34.934953472,3,8783,162,25
40.322057,-82.784719,2026-04-15 01:08:34.942085632,3,6119,139,21
34.823226,-98.19956,2026-04-15 01:08:35.394316544,3,14390,191,51
44.234685,-86.427397,2026-04-15 01:08:35.730143232,3,10384,226,26
42.596066,-89.367801,2026-04-15 01:08:35.985761280,3,5732,73,48
42.551055,-89.682561,2026-04-15 01:08:35.985747200,3,10178,243,37
42.56568,-89.45708,2026-04-15 01:08:35.985804032,3,4472,252,22
42.463456,-89.406326,2026-04-15 01:08:36.7712256,3,13904,128,46
42.583938,-89.420037,2026-04-15 01:08:36.7741952,3,11505,110,35
44.545357,-87.479998,2026-04-15 01:08:36.494448128,3,14323,238,33
43.532244,-86.128922,2026-04-15 01:08:36.845632512,3,9806,139,33
43.559561,-86.017454,2026-04-15 01:08:36.845658368,3,6162,218,20
43.206225,-87.097386,2026-04-15 01:08:36.913723648,3,14265,109,69
43.162015,-87.074674,2026-04-15 01:08:36.913732608,3,8662,188,56
43.149192,-87.071885,2026-04-15 01:08:36.913734400,3,7349,240,43
43.156075,-86.908174,2026-04-15 01:08:36.913782784,3,7172,109,29
43.128085,-86.983408,2026-04-15 01:08:36.951299584,3,9470,123,44
34.969095,-98.871711,2026-04-15 01:08:36.997861632,3,10294,104,34
34.705987,-98.878545,2026-04-15 01:08:37.316584192,3,14240,123,39
42.812478,-89.056662,2026-04-15 01:08:38.145432064,3,4490,103,57
42.823001,-89.193064,2026-04-15 01:08:38.145459712,3,11039,176,39
42.775507,-89.094616,2026-04-15 01:08:38.145491968,3,4868,225,27
42.314066,-90.067324,2026-04-15 01:08:39.359024384,3,10317,57,23
42.328363,-89.690145,2026-04-15 01:08:39.371587584,3,10777,110,50
42.230575,-90.144056,2026-04-15 01:08:39.818294784,3,13288,57,22
42.41025,-90.338106,2026-04-15 01:08:40.404989952,3,6090,102,41
42.345058,-90.227166,2026-04-15 01:08:40.405029632,3,5159,188,28
44.526884,-88.542594,2026-04-15 01:08:40.998760960,3,13595,135,59
40.020123,-82.695958,2026-04-15 01:08:48.11538176,3,14630,116,29
43.083762,-87.142913,2026-04-15 01:08:48.328701184,3,10580,163,23
43.5565,-87.012242,2026-04-15 01:08:48.430622208,3,10703,149,26
42.331113,-89.431484,2026-04-15 01:08:48.649962240,3,5742,108,39
42.311253,-89.480147,2026-04-15 01:08:48.650016512,3,11520,93,24
43.58736,-85.918558,2026-04-15 01:08:48.896723456,3,12893,124,35
43.606898,-85.812884,2026-04-15 01:08:48.896742656,3,7062,217,22
43.067975,-87.052856,2026-04-15 01:08:49.327712512,3,13156,107,32
43.354774,-86.80873,2026-04-15 01:08:50.720295680,3,10787,103,27
42.316542,-89.599464,2026-04-15 01:08:51.278925824,3,4252,80,25
43.281331,-86.839637,2026-04-15 01:08:51.707927552,3,9731,139,47
43.244965,-87.054855,2026-04-15 01:08:51.707938560,3,14334,210,32
44.289251,-86.537033,2026-04-15 01:08:52.201348864,3,10819,117,54
44.261104,-86.538446,2026-04-15 01:08:52.201363200,3,10772,157,48
44.261056,-86.576725,2026-04-15 01:08:52.201395456,3,9015,112,30
44.26517,-86.562705,2026-04-15 01:08:52.201405184,3,11981,111,21
34.451601,-98.829522,2026-04-15 01:08:52.962572800,3,13556,233,31
34.519033,-98.658194,2026-04-15 01:08:52.962635264,3,14336,144,17
34.542361,-98.682942,2026-04-15 01:08:53.463296000,3,8683,107,36
43.445704,-86.847901,2026-04-15 01:08:54.497441792,3,6962,159,77
43.438521,-86.924862,2026-04-15 01:08:54.497445632,3,5736,224,61
43.362418,-86.866951,2026-04-15 01:08:54.497472768,3,8574,93,46
43.445704,-86.918715,2026-04-15 01:08:54.497503744,3,7571,117,32
42.970296,-87.072963,2026-04-15 01:08:54.677745920,3,12189,104,25
43.53054,-86.204084,2026-04-15 01:08:55.377847296,3,14108,231,24
34.849491,-97.947034,2026-04-15 01:08:55.687319552,3,11329,130,33
34.918085,-97.839743,2026-04-15 01:08:55.687362816,3,10657,82,21
34.961632,-97.915899,2026-04-15 01:08:55.728303616,3,10941,107,33
34.937937,-97.894874,2026-04-15 01:08:55.728308224,3,12515,140,20
43.459272,-87.142934,2026-04-15 01:08:56.465564672,3,11976,83,32
43.39443,-87.09352,2026-04-15 01:08:56.465577728,3,7135,244,20
42.654783,-89.28652,2026-04-15 01:08:56.513667584,3,12720,162,29
42.657275,-89.071723,2026-04-15 01:08:56.513731328,3,9055,116,21
38.018322,12.995844,2026-04-15 01:05:20.706946048,4,11976,236,15
41.498984,13.840047,2026-04-15 01:05:27.733941504,4,8153,197,39
43.377425,-87.029834,2026-04-15 01:05:32.701356288,4,7364,113,20
42.271044,-89.93332,2026-04-15 01:05:34.120639232,4,14458,104,20
43.571436,-85.929806,2026-04-15 01:05:37.325642496,4,12341,114,19
42.623237,-89.029669,2026-04-15 01:05:48.190337792,4,14880,151,18
37.956321,13.145232,2026-04-15 01:06:01.985893632,4,12848,195,26
43.095534,-87.16865,2026-04-15 01:06:07.614304768,4,9957,111,17
42.823931,-89.32497,2026-04-15 01:06:13.546276096,4,12829,109,20
43.2662,-87.060845,2026-04-15 01:06:22.63241216,4,11910,112,21
42.217784,-90.363469,2026-04-15 01:06:26.309072384,4,12131,103,21
42.758942,-88.978693,2026-04-15 01:06:40.682328576,4,9632,108,23
42.460672,-90.990873,2026-04-15 01:06:55.29069568,4,12803,105,17
42.893348,-89.538781,2026-04-15 01:06:56.660531456,4,13549,109,22
45.428746,-85.483944,2026-04-15 01:07:09.993967360,4,10104,168,17
37.989495,13.16785,2026-04-15 01:07:27.84968960,4,13794,235,21
43.041848,-85.646691,2026-04-15 01:07:36.838859264,4,8388,109,22
37.883056,13.344291,2026-04-15 01:07:37.975840000,4,14823,237,17
43.311917,-86.86559,2026-04-15 01:08:02.367789056,4,11464,112,21
37.947768,13.117777,2026-04-15 01:08:29.204156928,4,7768,236,31
43.134208,-87.02249,2026-04-15 01:08:44.826691328,4,12768,111,21
42.197348,-90.256344,2026-04-15 01:08:44.889283584,4,11151,103,24
43.573028,-86.252736,2026-04-15 01:08:57.113465088,4,7138,120,23
19.214811,-63.055576,2026-04-15 01:05:48.513376768,7,7842,185,27
29.352478,-101.41559,2026-04-15 01:06:24.626625536,7,5148,175,17
20.017857,-63.398824,2026-04-15 01:07:02.615697408,7,8382,241,14
19.497596,-62.986855,2026-04-15 01:07:58.851485184,7,3886,192,15
27.563578,113.614848,2026-04-15 01:05:05.269027328,9,7483,255,19
43.530593,-85.904878,2026-04-15 01:05:37.325653760,9,6453,204,10
43.070618,-87.149025,2026-04-15 01:06:07.614314240,9,4378,204,13
43.255331,-87.052285,2026-04-15 01:06:22.63245056,9,9607,206,11
42.725413,-88.937644,2026-04-15 01:06:40.682330624,9,9866,218,12
43.017432,-85.633359,2026-04-15 01:07:36.838864640,9,4406,209,11
33.329673,125.966277,2026-04-15 01:07:56.807283968,9,12327,225,25
43.300311,-86.859568,2026-04-15 01:08:02.367793152,9,10206,214,12
43.355024,-86.207764,2026-04-15 01:08:07.413237248,9,10094,195,11
43.567366,-86.245324,2026-04-15 01:08:57.113466624,9,4478,206,12
27.413687,113.480508,2026-04-15 01:09:00.128150016,9,13085,256,21
36.730544,18.464707,2026-04-15 04:15:10.615134464,1,12335,247,21
35.422218,-95.391273,2026-04-15 04:15:24.999836160,1,13937,141,28
39.099564,13.407951,2026-04-15 04:15:27.135141120,1,4152,221,37
40.718344,-95.312298,2026-04-15 04:15:28.679756288,1,8804,126,24
40.570472,-95.831205,2026-04-15 04:15:30.595259136,1,12476,135,35
40.554217,-95.823562,2026-04-15 04:15:30.595267072,1,7947,109,22
41.809829,-92.170636,2026-04-15 04:15:31.403169792,1,11931,105,42
41.788245,-92.114341,2026-04-15 04:15:31.403224064,1,11846,118,26
42.169483,-86.349988,2026-04-15 04:15:38.713259264,1,10002,177,39
42.218478,-86.16804,2026-04-15 04:15:38.713309952,1,14653,144,28
38.449602,14.00388,2026-04-15 04:15:41.780627456,1,8518,204,69
38.629416,14.042303,2026-04-15 04:15:41.780725504,1,11374,242,47
38.496892,14.020681,2026-04-15 04:15:41.780679424,1,5759,238,30
38.682544,12.997637,2026-04-15 04:15:42.584754944,1,12908,221,38
38.341679,13.784478,2026-04-15 04:15:45.432228864,1,6965,212,248
38.341007,13.795785,2026-04-15 04:15:45.432236800,1,7147,222,298
0.540915,107.797814,2026-04-15 04:15:15.310347264,2,12555,220,38
0.246568,164.713019,2026-04-15 04:15:48.900865536,2,12286,193,27
-8.372509,157.481963,2026-04-15 04:15:50.103872768,2,10192,270,23
35.942801,-95.227514,2026-04-15 04:15:00.72284160,3,13446,103,16
36.017352,-95.135505,2026-04-15 04:15:00.72328448,3,12309,165,54
35.996682,-95.230912,2026-04-15 04:15:00.72354304,3,6538,164,49
36.005136,-95.243299,2026-04-15 04:15:00.72360192,3,11052,205,35
35.9181,-95.226074,2026-04-15 04:15:00.126768128,3,5507,158,62
35.962615,-95.22331,2026-04-15 04:15:00.126820352,3,11585,120,47
35.84766,-95.114615,2026-04-15 04:15:00.209681408,3,13016,93,47
35.963294,-95.242707,2026-04-15 04:15:00.209711360,3,9040,170,35
36.007553,-95.218612,2026-04-15 04:15:00.249306112,3,10656,100,41
35.947634,-95.272759,2026-04-15 04:15:00.249285120,3,9455,136,26
42.830169,-84.031492,2026-04-15 04:15:00.295132672,3,13203,125,16
35.947293,-95.268418,2026-04-15 04:15:00.331937024,3,6027,220,32
42.994136,-83.81248,2026-04-15 04:15:07.750419456,3,9345,209,30
42.678452,-89.558537,2026-04-15 04:15:07.919766272,3,13948,93,21
42.613896,-84.708743,2026-04-15 04:15:08.172897280,3,4605,142,21
42.876281,-83.986485,2026-04-15 04:15:08.178845440,3,10111,125,24
42.127295,-85.954531,2026-04-15 04:15:08.543723776,3,14200,94,54
42.068381,-86.168117,2026-04-15 04:15:08.543724544,3,9002,235,37
43.416977,-82.672859,2026-04-15 04:15:08.553465856,3,12398,116,23
40.650483,-95.536235,2026-04-15 04:15:08.775658496,3,11646,143,26
39.706597,-80.326905,2026-04-15 04:15:08.803550976,3,4916,163,38
43.43171,-82.703978,2026-04-15 04:15:08.996680960,3,6568,240,26
40.831514,-94.957487,2026-04-15 04:15:09.106244608,3,9708,177,25
39.692084,-80.335828,2026-04-15 04:15:09.177634304,3,7338,74,37
39.711531,-80.364924,2026-04-15 04:15:09.177639936,3,7246,142,39
29.083601,-101.902251,2026-04-15 04:15:09.257958656,3,6590,205,31
42.617416,-89.766588,2026-04-15 04:15:10.528931072,3,13640,93,25
40.365781,-96.523683,2026-04-15 04:15:11.20436224,3,7597,142,24
42.882125,-83.775382,2026-04-15 04:15:11.110993920,3,8955,157,72
42.95975,-83.635716,2026-04-15 04:15:11.111093760,3,9522,114,55
42.944118,-83.77806,2026-04-15 04:15:11.111053056,3,11273,173,37
43.880275,-83.549748,2026-04-15 04:15:19.138012160,3,11516,121,40
43.897682,-83.533696,2026-04-15 04:15:19.138093568,3,12328,147,24
43.883496,-83.556253,2026-04-15 04:15:19.293601024,3,13587,117,41
43.898192,-83.532309,2026-04-15 04:15:19.293682176,3,9415,151,26
39.898187,-97.397218,2026-04-15 04:15:19.641477632,3,8424,138,26
29.45494,-100.974592,2026-04-15 04:15:20.316066304,3,11760,203,25
39.920328,-97.307867,2026-04-15 04:15:20.392543744,3,13825,107,22
29.395616,-100.973879,2026-04-15 04:15:20.743658496,3,11247,174,32
29.463736,-100.974084,2026-04-15 04:15:20.743678720,3,8720,227,20
39.764874,-97.853544,2026-04-15 04:15:20.786187008,3,10899,102,43
39.674031,-97.856042,2026-04-15 04:15:20.786209280,3,7375,155,30
43.112498,-83.592775,2026-04-15 04:15:20.858548992,3,11456,182,28
42.315234,-85.657501,2026-04-15 04:15:21.73968640,3,10057,144,59
42.341978,-86.123906,2026-04-15 04:15:21.73911808,3,10498,247,46
43.12024,-82.756548,2026-04-15 04:15:22.376877056,3,8440,188,61
43.080643,-82.726868,2026-04-15 04:15:22.376900352,3,5895,203,46
43.074596,-82.880079,2026-04-15 04:15:22.376908032,3,8234,171,34
43.11668,-82.751073,2026-04-15 04:15:22.457715968,3,5762,184,47
43.073348,-82.895379,2026-04-15 04:15:22.457741056,3,8590,210,30
40.858495,-79.470855,2026-04-15 04:15:22.621109504,3,14982,155,23
43.111526,-82.737225,2026-04-15 04:15:22.649696768,3,14845,77,26
29.523648,-100.725724,2026-04-15 04:15:22.706220800,3,10623,222,42
41.942096,-86.350958,2026-04-15 04:15:29.740194304,3,11937,104,66
41.989534,-86.532117,2026-04-15 04:15:29.740138496,3,9793,245,56
41.965107,-86.326013,2026-04-15 04:15:29.740248832,3,11040,130,33
40.571524,-96.03454,2026-04-15 04:15:30.59502080,3,14723,101,38
40.510228,-96.015126,2026-04-15 04:15:30.59524864,3,8092,117,24
42.742416,-89.24705,2026-04-15 04:15:30.115042560,3,13128,84,30
29.479583,-100.647925,2026-04-15 04:15:30.356594432,3,14952,111,28
40.607549,-95.813255,2026-04-15 04:15:30.595191552,3,14708,101,17
40.539667,-95.825209,2026-04-15 04:15:30.595211264,3,7764,178,104
40.562896,-95.744169,2026-04-15 04:15:30.595239424,3,8788,127,87
40.579493,-95.843516,2026-04-15 04:15:30.595267840,3,13142,130,65
42.907533,-83.852532,2026-04-15 04:15:30.969990912,3,14400,124,42
42.866906,-84.0198,2026-04-15 04:15:30.970027264,3,9312,185,28
39.873353,-97.399824,2026-04-15 04:15:38.59335424,3,12643,120,27
42.174346,-86.259451,2026-04-15 04:15:38.713273088,3,13287,70,115
42.163079,-86.264399,2026-04-15 04:15:38.713267200,3,12786,109,99
42.174873,-86.296767,2026-04-15 04:15:38.713267456,3,12435,188,78
42.151593,-86.158708,2026-04-15 04:15:38.713313024,3,3646,149,57
42.111438,-86.244277,2026-04-15 04:15:38.713338112,3,13738,153,45
42.123298,-86.236852,2026-04-15 04:15:38.713333248,3,12028,109,30
42.490375,-85.373768,2026-04-15 04:15:38.817269504,3,4803,94,30
42.840312,-83.998003,2026-04-15 04:15:38.924384512,3,14224,131,23
40.704323,-95.236472,2026-04-15 04:15:39.128057088,3,7180,169,17
42.061165,-86.554064,2026-04-15 04:15:39.234662144,3,8083,219,28
42.128612,-86.84459,2026-04-15 04:15:39.577381120,3,7364,158,50
42.162779,-86.880822,2026-04-15 04:15:39.577422592,3,14600,221,29
41.883022,-92.584587,2026-04-15 04:15:40.204293120,3,13035,100,51
41.10105,-94.374586,2026-04-15 04:15:40.617831936,3,9723,172,21
42.739849,-84.449466,2026-04-15 04:15:41.70753280,3,8098,130,31
39.966099,-97.374266,2026-04-15 04:15:41.409337088,3,12494,93,30
39.921868,-97.305444,2026-04-15 04:15:41.409359872,3,6355,108,23
42.504144,-85.480503,2026-04-15 04:15:42.569311232,3,6432,229,28
42.498652,-85.433642,2026-04-15 04:15:42.569316864,3,10736,155,17
39.789167,-97.841698,2026-04-15 04:15:43.211417344,3,13433,126,28
43.912038,-83.232267,2026-04-15 04:15:43.822025984,3,14578,163,19
43.950136,-83.146311,2026-04-15 04:15:44.135499008,3,10425,198,44
43.931268,-83.171099,2026-04-15 04:15:44.135568896,3,9259,181,33
43.921702,-83.112383,2026-04-15 04:15:44.135569408,3,12173,105,22
43.924689,-83.123468,2026-04-15 04:15:44.261231872,3,5121,140,66
43.927025,-83.138303,2026-04-15 04:15:44.261233920,3,7626,132,55
43.908621,-83.298779,2026-04-15 04:15:44.261258752,3,8902,202,39
43.942726,-83.103497,2026-04-15 04:15:44.261306368,3,7659,154,25
36.359536,-95.001613,2026-04-15 04:15:44.636623360,3,9012,193,22
44.006406,-83.245496,2026-04-15 04:15:44.651922688,3,10508,133,33
43.929902,-83.157267,2026-04-15 04:15:44.651953920,3,8394,181,20
39.737158,-97.879083,2026-04-15 04:15:45.66103552,3,12227,101,38
39.69565,-97.862292,2026-04-15 04:15:45.66123008,3,5866,108,24
39.7374,-97.8881,2026-04-15 04:15:45.110960640,3,8570,102,22
36.960438,-95.215922,2026-04-15 04:15:46.49019392,3,4526,182,85
36.986757,-95.187957,2026-04-15 04:15:46.49101824,3,14889,150,66
36.97768,-95.208181,2026-04-15 04:15:46.49086208,3,3332,117,48
36.867917,-95.240681,2026-04-15 04:15:46.573515008,3,13998,106,42
43.592337,-82.907033,2026-04-15 04:15:53.949576960,3,11123,118,79
43.577088,-82.90022,2026-04-15 04:15:53.949584128,3,7616,145,59
43.56573,-82.909291,2026-04-15 04:15:53.949589504,3,5255,210,43
43.599746,-82.886359,2026-04-15 04:15:53.949653248,3,8465,158,29
42.663865,-84.74191,2026-04-15 04:15:54.449010944,3,13201,142,31
42.686487,-84.62533,2026-04-15 04:15:54.449048832,3,12416,222,20
36.172844,-95.142523,2026-04-15 04:15:55.24359168,3,9510,139,46
42.337933,-85.630134,2026-04-15 04:15:55.197452032,3,8880,145,44
42.33767,-85.627638,2026-04-15 04:15:55.203968512,3,14517,97,81
42.367063,-85.817802,2026-04-15 04:15:55.203916800,3,8442,242,69
42.313814,-85.687901,2026-04-15 04:15:55.203953920,3,5440,260,55
42.311252,-85.586656,2026-04-15 04:15:55.204025344,3,10639,101,35
29.64012,-101.443491,2026-04-15 04:15:55.217790976,3,11541,200,54
29.736216,-101.422617,2026-04-15 04:15:55.217876480,3,10410,255,92
41.857845,-92.091969,2026-04-15 04:15:14.199570944,4,14817,106,21
40.516502,-95.822843,2026-04-15 04:15:30.595265536,4,9255,105,21
41.716139,-92.047279,2026-04-15 04:15:31.403206656,4,13234,136,22
42.16625,-86.267449,2026-04-15 04:15:38.713270528,4,13406,70,21
38.361423,13.808314,2026-04-15 04:15:45.432237824,4,14112,191,28
38.384064,13.807191,2026-04-15 04:15:45.824749056,4,10448,241,20
29.608404,-101.537864,2026-04-15 04:15:55.217822208,7,6155,173,29
29.610786,-101.42166,2026-04-15 04:15:55.217857536,7,6649,230,23
1.229993,105.259099,2026-04-15 04:15:23.438740992,9,14894,231,16
41.725084,-92.044709,2026-04-15 04:15:31.403203840,9,9121,136,13
36.908203,-93.774257,2026-04-15 06:10:06.808342528,1,13403,130,34
36.914203,-93.794084,2026-04-15 06:10:06.808329728,1,10240,161,21
41.684511,-93.4047,2026-04-15 06:10:07.129140224,1,7688,218,45
41.665504,-93.283977,2026-04-15 06:10:07.129217792,1,12770,139,32
41.65236,-93.27625,2026-04-15 06:10:07.129218560,1,11819,132,17
41.596249,-93.743427,2026-04-15 06:10:07.164243200,1,9350,270,28
41.762511,-93.692433,2026-04-15 06:10:07.607556864,1,13951,191,35
41.096234,-94.035508,2026-04-15 06:10:08.339474432,1,14908,190,29
39.504931,14.157197,2026-04-15 06:10:09.106002688,1,14930,212,264
39.484258,14.147882,2026-04-15 06:10:09.106007296,1,13711,205,358
39.56168,14.118173,2026-04-15 06:10:09.106027776,1,11857,215,339
39.496604,14.170667,2026-04-15 06:10:09.106011648,1,11954,233,326
39.461364,14.1076,2026-04-15 06:10:09.106002432,1,8213,266,311
39.393433,14.162228,2026-04-15 06:10:09.105980928,1,6305,259,298
39.423611,14.16801,2026-04-15 06:10:09.105987840,1,9239,247,285
39.48717,14.155191,2026-04-15 06:10:09.106009344,1,6602,251,272
39.498205,14.161023,2026-04-15 06:10:09.106014976,1,11489,249,258
39.500298,14.14439,2026-04-15 06:10:09.106011136,1,6865,255,244
39.461867,14.154883,2026-04-15 06:10:09.106003712,1,9133,269,224
39.48987,14.159966,2026-04-15 06:10:09.106012416,1,5060,262,207
37.107981,-94.601869,2026-04-15 06:10:20.749275392,1,12615,126,41
37.106229,-94.610372,2026-04-15 06:10:20.749267456,1,14961,126,28
38.989041,13.487293,2026-04-15 06:10:22.347800576,1,4952,182,92
39.014335,13.466971,2026-04-15 06:10:22.347816704,1,5787,215,108
38.985823,13.475507,2026-04-15 06:10:22.347800832,1,9302,254,94
39.253222,13.472147,2026-04-15 06:10:22.347893760,1,14044,221,81
38.927107,13.468191,2026-04-15 06:10:22.347821056,1,12069,234,44
40.583642,-94.394705,2026-04-15 06:10:31.709224704,1,8523,163,35
43.363716,-80.956668,2026-04-15 06:10:33.500953344,1,4558,247,45
34.963813,-97.945328,2026-04-15 06:10:33.795665920,1,8511,147,22
38.899575,13.215193,2026-04-15 06:10:40.650059520,1,5860,248,274
38.868839,13.205439,2026-04-15 06:10:40.650053376,1,11736,208,359
38.900261,13.214235,2026-04-15 06:10:40.650064384,1,4020,238,342
38.921111,13.22155,2026-04-15 06:10:40.650066432,1,6356,247,327
38.862684,13.244508,2026-04-15 06:10:40.650056192,1,12138,230,315
38.874418,13.234049,2026-04-15 06:10:40.650055680,1,7278,260,303
34.983563,-97.873533,2026-04-15 06:10:52.915033600,1,12383,145,27
42.12236,-83.184584,2026-04-15 06:10:53.608690432,1,13338,88,21
42.202162,-87.432268,2026-04-15 06:10:54.426870016,1,7521,168,41
42.247102,-87.300491,2026-04-15 06:10:54.426906112,1,11097,149,29
38.938054,13.096173,2026-04-15 06:10:54.783726336,1,9088,218,109
38.872337,12.913911,2026-04-15 06:10:54.783737856,1,13625,255,102
38.824463,12.929443,2026-04-15 06:10:54.783719424,1,11335,261,86
39.395211,13.961387,2026-04-15 06:11:11.19722240,1,12184,223,122
39.491348,14.147107,2026-04-15 06:11:11.19727104,1,8353,250,110
39.573954,14.158199,2026-04-15 06:11:11.19794944,1,9001,253,94
39.528164,14.135604,2026-04-15 06:11:11.19784192,1,10513,251,79
40.513815,-95.780075,2026-04-15 06:11:18.114100992,1,10833,260,20
43.576312,-81.81624,2026-04-15 06:11:23.241004288,1,10746,180,28
43.728095,-80.820103,2026-04-15 06:11:23.421217280,1,7523,169,31
35.855595,-95.450161,2026-04-15 06:11:23.553569024,1,12879,139,28
35.823509,-95.45551,2026-04-15 06:11:23.553566208,1,10354,171,24
35.640255,-95.643846,2026-04-15 06:11:23.564448512,1,13325,172,29
40.010085,13.386242,2026-04-15 06:11:25.832758016,1,2163,213,192
39.958793,13.407189,2026-04-15 06:11:25.832740096,1,3165,242,180
39.942052,13.406705,2026-04-15 06:11:25.832735488,1,4761,223,169
39.9254,13.429476,2026-04-15 06:11:25.832736256,1,4534,232,156
39.880539,13.425779,2026-04-15 06:11:25.832718592,1,6824,226,144
39.926553,13.408365,2026-04-15 06:11:25.832764928,1,14423,269,123
39.92341,13.430537,2026-04-15 06:11:25.832764160,1,10836,265,107
39.927949,13.442858,2026-04-15 06:11:25.832767744,1,13938,265,94
39.938815,13.413021,2026-04-15 06:11:25.832774144,1,7650,259,72
40.277929,13.25099,2026-04-15 06:11:25.832902400,1,4390,243,45
42.013027,-83.561963,2026-04-15 06:11:33.87516928,1,10414,70,34
41.059041,-94.05936,2026-04-15 06:11:34.279641856,1,13011,191,21
42.236649,-83.131988,2026-04-15 06:11:35.95064576,1,10057,140,27
29.146019,-100.97958,2026-04-15 06:11:37.290059264,1,12234,216,34
41.463396,-93.419232,2026-04-15 06:11:48.362588160,1,11506,224,32
41.539112,-93.030582,2026-04-15 06:11:48.362711552,1,14072,218,19
39.053218,13.50495,2026-04-15 06:11:48.891268608,1,6471,226,47
38.997583,13.474064,2026-04-15 06:11:48.891265024,1,12361,222,33
39.070431,13.066919,2026-04-15 06:11:50.505841664,1,11429,228,78
38.884532,13.063449,2026-04-15 06:11:50.505795840,1,12224,216,69
39.082553,13.081426,2026-04-15 06:11:50.505871872,1,14583,251,59
39.07965,13.083125,2026-04-15 06:11:50.517779200,1,12893,217,41
38.888955,12.960799,2026-04-15 06:11:50.517741568,1,10810,228,30
39.036627,12.967324,2026-04-15 06:11:51.357285376,1,4236,230,248
39.028694,12.948678,2026-04-15 06:11:51.357284864,1,4168,254,231
39.044025,12.951099,2026-04-15 06:11:51.357292544,1,5799,235,218
39.005119,12.958737,2026-04-15 06:11:51.357279232,1,3216,266,205
38.982413,12.964912,2026-04-15 06:11:51.357276160,1,5093,228,192
39.087483,12.988967,2026-04-15 06:11:51.357351424,1,13739,261,179
39.027682,12.963644,2026-04-15 06:11:51.357329152,1,12708,228,165
39.020375,12.966059,2026-04-15 06:11:51.357331456,1,5976,232,151
39.050861,12.966509,2026-04-15 06:11:51.357340160,1,3617,258,138
39.053134,12.951427,2026-04-15 06:11:51.357339648,1,5722,266,124
39.038578,12.985687,2026-04-15 06:11:51.357335552,1,6870,257,111
39.027808,12.989948,2026-04-15 06:11:51.357331456,1,4601,255,98
27.665048,116.253051,2026-04-15 06:10:15.671176192,2,13355,244,20
42.183331,-83.479098,2026-04-15 06:10:01.635408640,3,7073,226,49
42.123252,-83.557288,2026-04-15 06:10:01.635442944,3,11360,123,36
42.181995,-83.434461,2026-04-15 06:10:01.635488256,3,6547,150,23
42.171271,-83.432449,2026-04-15 06:10:01.658486528,3,8833,222,33
42.148334,-83.619529,2026-04-15 06:10:01.658503936,3,9452,221,26
42.308475,-90.612912,2026-04-15 06:10:02.182311936,3,13982,190,52
42.284683,-90.572712,2026-04-15 06:10:02.182303488,3,9709,198,39
42.2618,-90.531146,2026-04-15 06:10:02.182317824,3,10493,111,24
29.253504,-101.003888,2026-04-15 06:10:02.292925440,3,13263,203,30
42.285588,-90.542232,2026-04-15 06:10:02.989083136,3,5658,97,53
42.271252,-90.614119,2026-04-15 06:10:02.989144832,3,14813,219,42
42.259435,-90.649844,2026-04-15 06:10:02.989124608,3,5166,253,26
35.053003,-97.929116,2026-04-15 06:10:03.493565952,3,8338,158,41
35.021604,-97.87591,2026-04-15 06:10:03.493580544,3,3744,156,29
30.12555,-99.922891,2026-04-15 06:10:03.549074944,3,13707,220,73
30.092528,-99.980384,2026-04-15 06:10:03.549064448,3,5776,262,61
30.045571,-100.015443,2026-04-15 06:10:03.549041408,3,11247,253,47
35.095099,-97.809891,2026-04-15 06:10:03.881345024,3,6588,219,37
34.998531,-97.955979,2026-04-15 06:10:03.881296384,3,6105,227,26
35.019473,-97.935365,2026-04-15 06:10:03.965218560,3,7762,152,31
42.912882,-82.16809,2026-04-15 06:10:05.71236096,3,12593,204,24
41.510413,-93.520269,2026-04-15 06:10:05.379074048,3,11903,129,26
37.063758,-93.584754,2026-04-15 06:10:06.499750656,3,8128,98,42
37.053874,-93.619836,2026-04-15 06:10:06.499743488,3,8328,113,29
36.928236,-93.82255,2026-04-15 06:10:06.808257792,3,7967,146,104
36.97003,-93.807707,2026-04-15 06:10:06.808279552,3,6691,188,88
41.638172,-84.855947,2026-04-15 06:10:13.973777920,3,11122,137,40
41.645922,-84.882516,2026-04-15 06:10:13.973838336,3,9237,164,27
42.667451,-88.228043,2026-04-15 06:10:14.558621184,3,14679,113,34
42.65158,-88.181844,2026-04-15 06:10:14.558624256,3,9223,242,19
42.03048,-83.562924,2026-04-15 06:10:15.919163648,3,9141,221,29
41.557867,-85.344939,2026-04-15 06:10:16.452094208,3,10656,164,42
41.711361,-85.34268,2026-04-15 06:10:16.452119296,3,9734,136,27
35.141157,-97.862879,2026-04-15 06:10:17.386294528,3,9832,240,17
35.609174,-95.741467,2026-04-15 06:10:17.518306560,3,8722,139,43
35.586141,-95.674764,2026-04-15 06:10:17.518323712,3,4896,149,31
41.427185,-93.451802,2026-04-15 06:10:17.901328896,3,14207,119,28
37.080332,-94.657785,2026-04-15 06:10:19.620383232,3,13410,85,41
37.103084,-94.547596,2026-04-15 06:10:19.620419328,3,8095,130,28
41.044166,-94.043016,2026-04-15 06:10:20.386761472,3,9235,139,31
41.045047,-94.045754,2026-04-15 06:10:20.386761728,3,9086,97,23
37.110474,-94.668737,2026-04-15 06:10:20.749189376,3,8088,168,49
37.153801,-94.630982,2026-04-15 06:10:20.749210112,3,10139,165,96
37.095294,-94.617987,2026-04-15 06:10:20.749269248,3,12083,146,74
37.089971,-94.63696,2026-04-15 06:10:20.749265408,3,6975,164,61
37.14716,-94.646031,2026-04-15 06:10:20.749264896,3,11249,125,45
37.252965,-94.652777,2026-04-15 06:10:20.749303808,3,8327,195,23
42.271879,-83.576963,2026-04-15 06:10:20.767413760,3,10621,227,32
42.289264,-83.352021,2026-04-15 06:10:20.767477248,3,11268,157,21
43.701029,-80.489871,2026-04-15 06:10:20.806264064,3,5632,165,46
43.654135,-80.326302,2026-04-15 06:10:20.806302464,3,11351,119,35
43.691996,-80.443862,2026-04-15 06:10:20.806338816,3,6430,129,22
41.924357,-91.072164,2026-04-15 06:10:20.937409792,3,8697,258,32
41.920623,-91.158866,2026-04-15 06:10:20.937382912,3,7766,255,18
43.742983,-80.412571,2026-04-15 06:10:21.42158592,3,13878,209,22
43.036249,-81.044275,2026-04-15 06:10:21.918927616,3,5042,208,46
42.984982,-81.017892,2026-04-15 06:10:21.918942464,3,5672,225,31
43.027855,-81.019833,2026-04-15 06:10:21.938110976,3,4900,207,28
41.255395,-93.874231,2026-04-15 06:10:22.149781248,3,11514,124,35
41.271204,-93.875828,2026-04-15 06:10:22.149783552,3,7920,135,20
41.275038,-93.91683,2026-04-15 06:10:22.167359232,3,8911,129,28
41.292489,-93.910003,2026-04-15 06:10:22.167353088,3,6160,155,28
41.267481,-93.896985,2026-04-15 06:10:22.182029568,3,13186,146,25
41.469358,-93.259196,2026-04-15 06:10:22.434801664,3,6793,150,30
41.462075,-93.265494,2026-04-15 06:10:22.434797056,3,5174,180,18
41.645324,-91.876589,2026-04-15 06:10:29.914172672,3,9796,124,19
42.626254,-87.676748,2026-04-15 06:10:30.478751488,3,13517,126,34
42.623698,-87.671043,2026-04-15 06:10:30.478755072,3,13133,149,21
40.855174,-95.184684,2026-04-15 06:10:31.377317376,3,9287,166,61
40.834033,-95.19853,2026-04-15 06:10:31.377379584,3,13200,127,38
40.585244,-94.430125,2026-04-15 06:10:31.584177408,3,8256,217,18
40.501187,-94.326112,2026-04-15 06:10:31.584284416,3,13705,148,52
42.085584,-83.528247,2026-04-15 06:10:38.751024896,3,13943,214,23
29.958647,-100.248742,2026-04-15 06:10:39.371659264,3,6304,223,41
30.058105,-100.118796,2026-04-15 06:10:39.371708672,3,5989,221,30
42.222043,-83.39393,2026-04-15 06:10:39.397295104,3,9051,116,25
29.70892,-100.140336,2026-04-15 06:10:42.208132352,3,8224,199,25
42.549802,-82.990989,2026-04-15 06:10:42.926448384,3,9997,113,54
42.341932,-82.964945,2026-04-15 06:10:42.926515712,3,13243,156,39
42.587857,-82.946136,2026-04-15 06:10:42.926524928,3,5120,164,27
35.029246,-97.969945,2026-04-15 06:10:42.963940864,3,10820,207,36
35.048147,-98.004641,2026-04-15 06:10:43.45778176,3,12671,207,25
40.718505,-95.170476,2026-04-15 06:10:43.218712320,3,10730,167,57
40.657287,-95.234999,2026-04-15 06:10:43.218771456,3,7989,208,35
35.582049,-95.808166,2026-04-15 06:10:43.438305024,3,13682,205,46
35.580962,-95.775913,2026-04-15 06:10:43.438306304,3,6382,139,31
29.737903,-99.956983,2026-04-15 06:10:50.723123968,3,9423,200,50
29.721284,-100.021126,2026-04-15 06:10:50.723109376,3,8051,261,39
29.687014,-99.968484,2026-04-15 06:10:50.723129344,3,9634,202,23
41.704909,-84.515003,2026-04-15 06:10:50.770085632,3,11789,96,73
41.687883,-84.528996,2026-04-15 06:10:50.770086656,3,14381,126,57
41.696281,-84.525651,2026-04-15 06:10:50.770144256,3,9857,97,47
41.735112,-84.539773,2026-04-15 06:10:50.770140672,3,13735,106,39
29.684451,-100.080367,2026-04-15 06:10:51.128958976,3,5686,224,34
41.498863,-93.539159,2026-04-15 06:10:52.486791424,3,4505,89,44
41.453558,-93.542668,2026-04-15 06:10:52.486861056,3,6844,174,33
40.796144,-93.942196,2026-04-15 06:10:52.689354496,3,13158,108,26
34.903234,-98.025581,2026-04-15 06:10:52.914970368,3,9819,227,58
42.057172,-83.696658,2026-04-15 06:11:00.25779968,3,14907,189,38
42.067331,-83.607712,2026-04-15 06:11:00.25810176,3,10801,202,25
41.566346,-93.377374,2026-04-15 06:11:01.977157120,3,14640,180,29
29.343508,-101.142661,2026-04-15 06:11:01.977296640,3,9096,226,28
41.472227,-93.361945,2026-04-15 06:11:02.40485888,3,9904,133,28
29.329436,-101.117511,2026-04-15 06:11:02.170903552,3,11760,215,39
29.357875,-101.124971,2026-04-15 06:11:02.170902784,3,5713,221,27
41.726512,-85.678463,2026-04-15 06:11:02.184088320,3,6618,112,56
41.738556,-85.68791,2026-04-15 06:11:02.184140032,3,10664,99,46
41.702433,-85.635577,2026-04-15 06:11:02.184147200,3,5492,144,32
30.016619,-99.942104,2026-04-15 06:11:02.406983168,3,14278,107,51
29.983047,-99.992211,2026-04-15 06:11:02.407010304,3,4903,260,66
41.531241,-92.912006,2026-04-15 06:11:02.460777984,3,5515,193,40
29.282142,-100.888921,2026-04-15 06:11:09.644142592,3,10012,203,52
29.277248,-100.883604,2026-04-15 06:11:09.644146944,3,9125,202,40
29.247403,-100.891612,2026-04-15 06:11:09.644142080,3,14056,206,22
29.256975,-100.902676,2026-04-15 06:11:09.750422528,3,7168,224,37
29.286569,-100.899156,2026-04-15 06:11:09.750427392,3,9970,228,28
29.255646,-100.895688,2026-04-15 06:11:09.820562432,3,6184,203,45
29.258567,-100.884891,2026-04-15 06:11:09.820570624,3,14025,202,33
29.689046,-99.916598,2026-04-15 06:11:10.586443264,3,10826,133,27
35.732152,-95.723019,2026-04-15 06:11:10.763139584,3,14544,185,42
35.915144,-95.675175,2026-04-15 06:11:10.763199744,3,9282,206,44
35.817541,-95.628843,2026-04-15 06:11:10.767809024,3,12527,200,32
35.65925,-95.744769,2026-04-15 06:11:10.767757312,3,9891,240,25
29.755837,-99.974113,2026-04-15 06:11:11.525241856,3,10656,194,43
29.815448,-99.97261,2026-04-15 06:11:11.525256448,3,6800,223,31
29.800536,-99.980377,2026-04-15 06:11:11.573612032,3,8637,223,26
42.888016,-82.128289,2026-04-15 06:11:19.367924224,3,12679,120,25
34.984538,-97.994313,2026-04-15 06:11:19.766822400,3,6318,152,22
35.0255,-97.962021,2026-04-15 06:11:19.900287232,3,7089,207,27
30.187772,-99.758603,2026-04-15 06:11:20.21068544,3,6865,220,30
30.124075,-99.738613,2026-04-15 06:11:20.80213760,3,12282,167,48
30.211596,-99.731971,2026-04-15 06:11:20.80235008,3,12532,202,35
42.432261,-83.1918,2026-04-15 06:11:21.346292992,3,5280,153,34
42.393719,-83.316897,2026-04-15 06:11:21.346329344,3,7633,120,21
42.671843,-82.774393,2026-04-15 06:11:21.928653312,3,12931,116,38
42.630947,-82.881454,2026-04-15 06:11:21.928609280,3,11465,198,24
43.564548,-81.792795,2026-04-15 06:11:23.214585344,3,14740,179,16
43.584469,-81.814886,2026-04-15 06:11:23.240996352,3,10890,189,56
43.563714,-81.812005,2026-04-15 06:11:23.241010944,3,10043,190,36
43.589807,-81.7647,2026-04-15 06:11:23.241090048,3,13042,89,22
43.729298,-80.842815,2026-04-15 06:11:23.421209600,3,6568,220,79
43.713999,-80.825986,2026-04-15 06:11:23.421218048,3,10167,169,60
43.66672,-80.8978,2026-04-15 06:11:23.421253376,3,10402,112,37
43.685614,-80.794741,2026-04-15 06:11:23.421278208,3,10268,107,23
41.752118,-93.347529,2026-04-15 06:11:23.477580800,3,9562,124,31
41.711228,-93.408158,2026-04-15 06:11:23.477573888,3,10178,185,18
35.810886,-95.466214,2026-04-15 06:11:23.553492224,3,11786,93,25
35.864375,-95.442986,2026-04-15 06:11:23.553570816,3,13652,139,68
35.608886,-95.664186,2026-04-15 06:11:23.564384000,3,3786,128,49
35.642898,-95.569015,2026-04-15 06:11:23.564414464,3,11729,156,80
39.559034,-83.548427,2026-04-15 06:11:23.568286720,3,12266,230,45
41.406218,-93.228724,2026-04-15 06:11:31.761282816,3,11353,150,27
41.599539,-84.937911,2026-04-15 06:11:31.776535552,3,13426,140,40
41.542257,-85.077346,2026-04-15 06:11:31.776562176,3,11241,189,27
41.608213,-93.381578,2026-04-15 06:11:32.2745856,3,10471,176,41
41.497832,-93.177468,2026-04-15 06:11:32.2807040,3,10041,165,30
41.138376,-93.930673,2026-04-15 06:11:32.223390720,3,8830,107,29
42.538608,-83.034006,2026-04-15 06:11:32.544952576,3,6530,175,32
41.994323,-83.56584,2026-04-15 06:11:33.87516928,3,11905,126,101
41.99292,-83.55208,2026-04-15 06:11:33.87522560,3,3205,155,86
42.006396,-83.571668,2026-04-15 06:11:33.87520000,3,3038,121,73
42.041856,-83.484553,2026-04-15 06:11:33.87544576,3,7777,109,54
41.956664,-83.523314,2026-04-15 06:11:33.87582976,3,4967,116,41
42.216374,-83.290714,2026-04-15 06:11:40.634230784,3,9246,199,21
35.194815,-97.884946,2026-04-15 06:11:41.475513856,3,7240,205,26
42.137609,-83.359271,2026-04-15 06:11:42.56384512,3,14716,178,48
42.173554,-83.745544,2026-04-15 06:11:42.56360960,3,7215,226,38
42.183494,-83.350763,2026-04-15 06:11:42.56467712,3,10426,164,25
34.990784,-98.035147,2026-04-15 06:11:42.842754304,3,9013,227,25
35.662759,-95.657593,2026-04-15 06:11:43.32967936,3,13795,186,63
35.649259,-95.64053,2026-04-15 06:11:43.33020928,3,8148,138,46
35.624755,-95.664276,2026-04-15 06:11:43.33017600,3,7065,215,32
35.713646,-95.57599,2026-04-15 06:11:43.44227328,3,11532,113,29
29.861701,-99.89051,2026-04-15 06:11:43.81678080,3,7627,223,31
29.859059,-99.89197,2026-04-15 06:11:43.81669632,3,7510,226,19
42.363993,-83.216328,2026-04-15 06:11:43.732209664,3,11836,136,26
40.115264,-95.905965,2026-04-15 06:11:44.363080192,3,7756,145,27
41.878703,-91.212398,2026-04-15 06:11:45.381996544,3,6522,186,19
41.117974,-93.885322,2026-04-15 06:11:45.648640768,3,13829,162,35
41.179742,-93.957066,2026-04-15 06:11:45.648628736,3,6166,139,29
41.174831,-93.888267,2026-04-15 06:11:45.660782336,3,14655,122,37
41.133585,-93.935089,2026-04-15 06:11:45.660773120,3,7033,174,25
30.016172,-99.932715,2026-04-15 06:11:45.988919296,3,7707,163,61
42.811405,-80.918497,2026-04-15 06:11:54.81209856,3,12676,181,55
42.788696,-80.910842,2026-04-15 06:11:54.81271552,3,12348,75,37
42.809469,-80.81021,2026-04-15 06:11:54.81255424,3,12200,232,23
41.530693,-92.557968,2026-04-15 06:11:54.622027008,3,7471,163,39
41.611559,-92.525794,2026-04-15 06:11:54.622039040,3,14022,172,26
42.189493,-83.251174,2026-04-15 06:11:54.667130624,3,6618,180,53
43.076177,-81.236486,2026-04-15 06:11:54.835280640,3,2816,196,79
43.061768,-81.238817,2026-04-15 06:11:54.835286784,3,4904,169,66
43.032002,-81.238422,2026-04-15 06:11:54.835298816,3,6032,153,51
43.052441,-81.216886,2026-04-15 06:11:54.835347712,3,13522,88,34
41.293167,-93.972283,2026-04-15 06:11:55.97328896,3,13948,125,39
41.568991,-93.206206,2026-04-15 06:10:07.129199616,4,11520,105,23
27.665048,116.253051,2026-04-15 06:10:15.671176192,4,13355,244,20
43.211516,-80.752689,2026-04-15 06:10:33.501014784,4,14688,113,19
38.900001,13.235314,2026-04-15 06:10:40.650062336,4,10905,196,24
39.997443,13.376069,2026-04-15 06:10:55.948024064,4,8596,174,28
39.913013,13.40463,2026-04-15 06:10:55.988450304,4,7259,224,27
39.899342,13.399311,2026-04-15 06:10:56.9263104,4,5372,224,21
40.028943,13.445479,2026-04-15 06:10:56.33756160,4,14563,174,27
39.947323,13.423036,2026-04-15 06:10:56.114428160,4,10168,215,28
42.268712,-83.046214,2026-04-15 06:11:05.691516672,4,13639,83,19
39.912026,13.393305,2026-04-15 06:11:25.832723456,4,7787,224,31
0.644483,128.624978,2026-04-15 06:11:52.971569920,4,10585,204,25
29.750651,-100.147016,2026-04-15 06:10:24.761820928,7,5766,213,33
29.768464,-99.982792,2026-04-15 06:10:24.761873408,7,11476,227,23
29.665409,-100.121737,2026-04-15 06:10:28.700183040,7,12110,202,16
29.945424,-100.326279,2026-04-15 06:10:39.371636480,7,7547,228,15
29.709054,-100.139431,2026-04-15 06:10:42.208132352,7,7805,212,11
29.797722,-99.914326,2026-04-15 06:10:45.174198528,7,14956,125,16
29.805318,-99.877493,2026-04-15 06:10:45.371098112,7,13686,170,19
29.660784,-100.125393,2026-04-15 06:10:50.723070464,7,6986,225,18
29.217364,-100.890192,2026-04-15 06:11:09.644142592,7,9443,100,18
29.718039,-100.095664,2026-04-15 06:11:11.718817536,7,14806,136,20
29.922597,-99.845073,2026-04-15 06:11:13.319385344,7,4730,197,18
29.747202,-100.085092,2026-04-15 06:11:13.963382272,7,11251,120,11
29.883886,-100.327245,2026-04-15 06:11:25.531038208,7,8160,228,18
29.790252,-100.236121,2026-04-15 06:11:25.900924672,7,4421,116,27
29.112093,-101.011977,2026-04-15 06:11:37.290053888,7,7682,156,29
29.130075,-100.980861,2026-04-15 06:11:37.290065920,7,5529,234,18
29.117558,-101.170611,2026-04-15 06:11:37.456646912,7,9008,221,16
41.580565,-93.202548,2026-04-15 06:10:07.129195776,9,8369,135,14
42.762339,-81.865886,2026-04-15 06:10:10.130090496,9,14577,125,11
43.239366,-80.735958,2026-04-15 06:10:33.501020928,9,14354,126,9
27.352478,116.301249,2026-04-15 06:11:02.457902848,9,3510,257,29
28.686771,120.227549,2026-04-15 06:11:12.824993280,9,4855,226,18
42.236492,-88.391332,2026-04-15 08:05:01.253318656,9,11790,139,14
36.501624,-94.549692,2026-04-15 10:45:04.915365376,1,14434,100,50
36.524022,-94.504048,2026-04-15 10:45:04.915429120,1,12073,129,35
40.875164,12.760332,2026-04-15 10:45:06.789130240,1,12423,178,140
40.825995,12.672771,2026-04-15 10:45:06.789191168,1,7640,176,127
40.879175,12.688777,2026-04-15 10:45:06.789199360,1,14634,185,114
40.751246,12.662503,2026-04-15 10:45:06.789203200,1,12571,166,79
40.864356,12.674423,2026-04-15 10:45:06.789243136,1,5124,244,66
40.963896,12.669858,2026-04-15 10:45:06.789280768,1,3598,269,52
40.852363,12.63525,2026-04-15 10:45:07.283416576,1,10257,125,31
42.184192,-78.133483,2026-04-15 10:45:33.558805248,1,13460,96,17
42.155444,-78.137579,2026-04-15 10:45:33.584869888,1,8431,96,22
42.159249,-78.136106,2026-04-15 10:45:33.648101120,1,8513,124,30
36.928026,-94.288384,2026-04-15 10:45:36.393343488,1,13689,148,40
36.913858,-94.234484,2026-04-15 10:45:36.393409024,1,14521,74,26
38.132983,-94.168165,2026-04-15 10:45:38.948768256,1,11715,145,34
39.334381,9.055922,2026-04-15 10:45:50.374386944,1,6552,253,60
39.416003,9.10564,2026-04-15 10:45:50.374451456,1,12143,270,45
39.40943,9.070213,2026-04-15 10:45:50.374452224,1,13476,229,32
42.824614,-85.878861,2026-04-15 10:45:56.879363328,1,5450,213,35
42.749602,-85.783862,2026-04-15 10:45:56.879398656,1,11658,123,21
-26.474865,120.529665,2026-04-15 10:45:15.558828288,2,13053,248,21
26.567113,120.39391,2026-04-15 10:45:34.969510144,2,6278,234,31
27.41627,120.174496,2026-04-15 10:45:44.46002688,2,9602,227,26
-45.981029,172.816246,2026-04-15 10:45:51.561967872,2,4761,252,26
-28.80319,116.855595,2026-04-15 10:45:57.224355072,2,9492,242,19
43.507784,-77.416226,2026-04-15 10:45:11.789877504,3,11347,66,24
43.588864,-77.427096,2026-04-15 10:45:12.309297920,3,11265,71,23
43.553003,-77.417867,2026-04-15 10:45:12.551084032,3,3388,239,26
43.553798,-77.421755,2026-04-15 10:45:12.551086336,3,3544,195,46
43.565932,-77.410299,2026-04-15 10:45:12.551087616,3,8850,104,27
38.212649,-94.277505,2026-04-15 10:45:13.50384896,3,7638,206,37
38.25536,-94.232522,2026-04-15 10:45:13.395406592,3,6232,171,26
38.298798,-94.148153,2026-04-15 10:45:13.664826368,3,5690,204,44
38.310683,-94.116373,2026-04-15 10:45:13.664890624,3,14255,66,28
38.380849,-93.993664,2026-04-15 10:45:13.851173888,3,7015,201,43
38.38616,-93.909728,2026-04-15 10:45:13.851254272,3,13166,65,28
41.531476,-95.361353,2026-04-15 10:45:14.99945216,3,12782,78,26
42.673835,-85.531586,2026-04-15 10:45:24.714516736,3,5308,164,32
43.348541,-77.378957,2026-04-15 10:45:25.228455168,3,9133,82,17
43.347583,-77.346918,2026-04-15 10:45:25.245026048,3,12405,69,18
43.375448,-77.383058,2026-04-15 10:45:25.502280192,3,9853,65,37
43.336236,-77.403619,2026-04-15 10:45:25.505768448,3,12367,147,17
38.05477,-94.921552,2026-04-15 10:45:26.116697344,3,12231,216,21
38.28489,-94.737676,2026-04-15 10:45:26.492440320,3,14552,101,37
41.44141,-95.220657,2026-04-15 10:45:27.772841728,3,14813,106,24
41.449068,-95.363751,2026-04-15 10:45:27.818415616,3,11241,78,35
41.444747,-95.374628,2026-04-15 10:45:27.818405120,3,8886,119,20
38.233316,-94.527954,2026-04-15 10:45:28.349320960,3,13289,96,41
39.648874,-94.413403,2026-04-15 10:45:31.63141376,3,7274,212,58
39.622892,-94.372803,2026-04-15 10:45:31.63158016,3,10458,84,41
39.669546,-94.348748,2026-04-15 10:45:31.83500800,3,7699,146,40
39.649307,-94.346701,2026-04-15 10:45:31.83567616,3,14188,115,34
39.665363,-94.327879,2026-04-15 10:45:31.83570688,3,14099,155,20
38.132606,-94.136874,2026-04-15 10:45:38.948764928,3,7754,177,98
38.130785,-94.140288,2026-04-15 10:45:38.948766976,3,6562,169,79
38.120298,-94.115906,2026-04-15 10:45:38.948780544,3,11340,128,60
38.132846,-94.081332,2026-04-15 10:45:38.948836608,3,6202,161,46
38.220222,-94.059413,2026-04-15 10:45:38.948848384,3,14951,128,29
38.149602,-94.083144,2026-04-15 10:45:38.969743872,3,6905,134,25
41.457133,-95.368465,2026-04-15 10:45:41.36197120,3,10458,109,44
41.423448,-95.427894,2026-04-15 10:45:41.36250112,3,6679,147,31
41.439421,-95.284226,2026-04-15 10:45:41.36239616,3,13770,120,19
41.436165,-95.443371,2026-04-15 10:45:41.52902400,3,5667,222,45
41.440499,-95.397718,2026-04-15 10:45:41.52958976,3,12810,82,28
43.315499,-77.362376,2026-04-15 10:45:47.274469888,3,5242,82,17
42.639689,-85.829134,2026-04-15 10:45:48.547674368,3,8614,98,26
41.59168,-95.940626,2026-04-15 10:45:50.770350592,3,14242,76,56
41.550703,-96.02209,2026-04-15 10:45:50.770338560,3,13342,170,40
41.543788,-95.856512,2026-04-15 10:45:50.770390784,3,8975,148,27
38.395979,-93.966204,2026-04-15 10:45:51.589655040,3,10090,159,52
38.39086,-93.917581,2026-04-15 10:45:51.589716224,3,8877,90,31
38.374443,-93.918139,2026-04-15 10:45:51.589713408,3,14914,103,18
38.387101,-93.971348,2026-04-15 10:45:51.686277376,3,8869,160,42
38.387051,-93.906681,2026-04-15 10:45:51.686345984,3,13113,89,25
38.382544,-93.999725,2026-04-15 10:45:51.966198528,3,7614,76,43
36.559397,-94.734825,2026-04-15 10:45:54.378756352,3,10122,253,22
42.830864,-85.820962,2026-04-15 10:45:56.879366144,3,12349,102,100
42.821089,-85.826855,2026-04-15 10:45:56.879376640,3,12191,84,77
42.793716,-85.821018,2026-04-15 10:45:56.879384320,3,3335,175,54
42.777439,-85.708889,2026-04-15 10:45:56.879427840,3,14471,107,40
41.943403,-78.232928,2026-04-15 10:45:57.690054912,3,13806,74,25
25.934288,119.308528,2026-04-15 10:45:07.207445760,4,8564,228,24
40.221321,11.488954,2026-04-15 10:45:09.4487680,4,4351,253,36
27.417325,120.493924,2026-04-15 10:45:17.320900096,4,7195,224,19
26.510879,120.503324,2026-04-15 10:45:34.969522432,4,11348,232,35
27.415738,119.78416,2026-04-15 10:45:44.45903616,4,5216,261,32
42.748252,-85.694474,2026-04-15 10:45:56.879420672,4,14847,107,21
29.460554,-99.320819,2026-04-15 10:45:07.581623296,7,7051,190,17
25.987816,119.158023,2026-04-15 10:45:07.207418368,9,6214,235,25
40.200587,11.530906,2026-04-15 10:45:09.4481536,9,11896,210,13
42.171792,-78.130121,2026-04-15 10:45:33.648100608,9,12288,165,11
27.423042,120.158282,2026-04-15 10:45:44.46008064,9,2861,225,24
28.248137,120.945906,2026-04-15 10:45:46.461980160,9,6204,229,27
28.258792,121.433204,2026-04-15 10:45:51.313171712,9,8859,221,16
