21.043545,-78.458025,2026-08-02 01:05:01.550985216,1,9890,250,21
52.461814,24.44213,2026-08-02 01:05:09.572829184,1,4998,269,63
52.484119,24.501553,2026-08-02 01:05:09.572820224,1,11711,185,48
52.452428,24.498784,2026-08-02 01:05:09.572906752,1,14435,182,29
32.899791,-86.177082,2026-08-02 01:05:20.58013696,1,11924,175,25
57.456133,31.474332,2026-08-02 01:05:29.196240896,1,14595,103,28
59.008691,-111.670562,2026-08-02 01:05:29.663224320,1,12444,269,27
33.236556,-85.859949,2026-08-02 01:05:29.967312640,1,14966,180,24
57.313881,31.9128,2026-08-02 01:05:34.883372288,1,8951,236,29
57.21445,31.530306,2026-08-02 01:05:35.212629248,1,11969,251,67
57.222416,31.573855,2026-08-02 01:05:35.212689664,1,7081,249,47
57.182181,31.422269,2026-08-02 01:05:35.317885696,1,5254,123,175
57.168173,31.449977,2026-08-02 01:05:35.317889280,1,5714,244,164
64.429994,17.457713,2026-08-02 01:05:45.37246208,1,12441,82,104
10.434235,-6.052165,2026-08-02 01:06:00.153573376,1,9737,248,17
40.258378,-84.205333,2026-08-02 01:06:09.149135872,1,13213,118,28
32.842303,-90.119181,2026-08-02 01:06:18.64900608,1,14794,117,30
46.067456,-81.734812,2026-08-02 01:06:19.458518272,1,13646,149,23
57.274523,31.57942,2026-08-02 01:06:27.466973952,1,6640,268,39
57.206598,31.465688,2026-08-02 01:06:27.466998016,1,11642,266,23
29.01902,-78.771374,2026-08-02 01:06:27.919376640,1,7634,230,24
29.113159,-78.657868,2026-08-02 01:06:27.924875520,1,13743,254,27
53.73315,25.595114,2026-08-02 01:06:48.216806656,1,13722,162,246
53.755195,25.55428,2026-08-02 01:06:48.216819456,1,7454,202,231
53.739001,25.67297,2026-08-02 01:06:48.216802560,1,9931,163,216
53.7282,25.663667,2026-08-02 01:06:48.216811776,1,6379,177,202
53.730185,25.576958,2026-08-02 01:06:48.216825856,1,8094,208,188
53.726799,25.667343,2026-08-02 01:06:48.216878592,1,8447,258,175
53.780636,25.867992,2026-08-02 01:06:48.216830208,1,12137,240,162
53.722616,25.639072,2026-08-02 01:06:48.216877056,1,10019,164,149
53.724401,25.631746,2026-08-02 01:06:48.216878080,1,5806,207,134
53.723705,25.66255,2026-08-02 01:06:48.216872704,1,3595,269,106
10.308148,-6.197808,2026-08-02 01:06:56.700128768,1,11442,242,16
57.276586,31.485548,2026-08-02 01:06:59.503514368,1,6946,205,455
57.281558,31.509278,2026-08-02 01:06:59.503512832,1,6374,226,445
57.270821,31.55474,2026-08-02 01:06:59.503513856,1,7300,258,428
57.259832,31.50124,2026-08-02 01:06:59.503526656,1,5335,234,406
57.073685,31.585024,2026-08-02 01:07:08.209541120,1,7666,136,129
57.046846,31.742949,2026-08-02 01:07:08.209515520,1,9909,246,114
57.053993,31.709487,2026-08-02 01:07:08.209582336,1,7100,260,94
57.011802,31.63789,2026-08-02 01:07:08.209598720,1,6813,258,74
34.625981,-85.36361,2026-08-02 01:07:11.53787648,1,13735,121,31
54.502487,26.288283,2026-08-02 01:07:33.641453056,1,12594,129,376
54.499601,26.292273,2026-08-02 01:07:33.641461248,1,11638,130,363
19.961252,107.834588,2026-08-02 01:05:09.188962304,2,10248,239,22
41.793501,124.715888,2026-08-02 01:05:10.809801472,2,7182,158,25
18.773929,111.768034,2026-08-02 01:05:24.675190528,2,11263,222,21
41.778878,124.7178,2026-08-02 01:05:57.983538432,2,10442,158,34
41.774587,124.731679,2026-08-02 01:06:46.101731328,2,9348,155,38
41.767079,124.802292,2026-08-02 01:06:46.179118592,2,9831,157,28
41.792206,124.774471,2026-08-02 01:06:46.261857536,2,12526,152,15
20.806417,109.445191,2026-08-02 01:06:56.67620096,2,10323,229,22
18.84068,111.795081,2026-08-02 01:07:10.470045440,2,14780,222,26
41.788147,124.551581,2026-08-02 01:07:16.11486208,2,13501,156,30
41.802749,124.628218,2026-08-02 01:07:16.72220160,2,12944,153,18
41.821065,124.958753,2026-08-02 01:07:22.47899136,2,8588,156,31
41.810874,124.728026,2026-08-02 01:07:40.94284800,2,9170,155,38
41.787656,124.660938,2026-08-02 01:07:40.446101760,2,12371,176,32
40.337895,-84.336557,2026-08-02 01:05:02.199631360,3,14754,104,36
33.161367,-106.265825,2026-08-02 01:05:02.406614528,3,9650,171,26
39.530702,-83.664236,2026-08-02 01:05:02.468554496,3,12800,125,58
39.516954,-83.65971,2026-08-02 01:05:02.468562944,3,11336,118,46
44.180461,-89.869429,2026-08-02 01:05:09.514872320,3,11547,62,23
39.97779,-84.380653,2026-08-02 01:05:09.815649536,3,13777,162,31
39.949051,-84.289454,2026-08-02 01:05:10.381307648,3,9727,162,61
39.957188,-84.299465,2026-08-02 01:05:10.381316352,3,9616,185,43
39.942011,-84.343035,2026-08-02 01:05:10.381347840,3,10987,146,31
33.60653,-107.0452,2026-08-02 01:05:11.399633664,3,10385,139,43
33.594054,-107.041307,2026-08-02 01:05:11.399676160,3,5115,187,28
33.573597,-107.108473,2026-08-02 01:05:11.823379456,3,10165,139,24
58.34455,-113.538866,2026-08-02 01:05:14.183319040,3,11967,268,49
58.605577,-113.782856,2026-08-02 01:05:14.183250176,3,4974,241,68
35.026929,-103.447462,2026-08-02 01:05:16.219406336,3,4439,158,58
34.980491,-103.387318,2026-08-02 01:05:16.219436288,3,6673,107,46
35.125319,-103.435934,2026-08-02 01:05:16.219469568,3,6552,203,29
32.851286,-109.346809,2026-08-02 01:05:16.957832704,3,13226,200,35
24.648843,-100.859433,2026-08-02 01:05:17.723732480,3,14927,229,37
36.03968,-85.550487,2026-08-02 01:05:17.767773440,3,6387,82,42
36.112116,-85.534933,2026-08-02 01:05:17.767786752,3,14195,173,29
32.941732,-89.98149,2026-08-02 01:05:26.759189504,3,9477,232,54
33.829612,-80.211464,2026-08-02 01:05:34.309049856,3,7432,122,42
33.881205,-80.253153,2026-08-02 01:05:34.309112832,3,11098,168,27
36.026707,-85.63149,2026-08-02 01:05:34.570858240,3,11286,177,42
35.987388,-85.636045,2026-08-02 01:05:34.570847232,3,6980,179,39
36.030281,-85.771409,2026-08-02 01:05:34.570874112,3,10569,186,25
34.404538,-103.24389,2026-08-02 01:05:35.131366400,3,12927,133,49
34.477802,-103.23794,2026-08-02 01:05:35.131436288,3,14601,202,30
33.243727,-85.919092,2026-08-02 01:05:37.322486016,3,8721,112,21
33.167788,-85.943088,2026-08-02 01:05:37.322502144,3,9436,170,24
33.381747,-105.642424,2026-08-02 01:05:39.521957888,3,14701,116,39
33.36937,-105.584088,2026-08-02 01:05:39.521966592,3,12767,170,26
24.180373,-105.942812,2026-08-02 01:05:40.163792384,3,12837,265,34
24.126216,-106.026384,2026-08-02 01:05:40.163776256,3,14411,265,75
28.374176,-109.077253,2026-08-02 01:05:41.360250368,3,8110,234,54
28.280728,-109.103114,2026-08-02 01:05:41.360242176,3,9953,235,56
40.216574,-83.290948,2026-08-02 01:05:48.588040704,3,14571,114,55
40.288711,-83.273843,2026-08-02 01:05:48.588063488,3,11699,192,39
40.252616,-83.269499,2026-08-02 01:05:48.588069632,3,13724,205,28
32.748635,-109.491854,2026-08-02 01:05:49.740985600,3,9055,98,25
32.814214,-109.362603,2026-08-02 01:05:50.348197376,3,14884,197,26
17.818751,-95.601948,2026-08-02 01:05:51.161608192,3,10759,257,20
26.009365,-107.390956,2026-08-02 01:05:51.674253312,3,12677,251,38
26.248039,-107.44362,2026-08-02 01:05:51.674337792,3,11888,259,27
33.153551,-89.392009,2026-08-02 01:05:51.712286976,3,5400,117,31
33.237116,-89.388013,2026-08-02 01:05:51.712317440,3,11158,194,68
33.244999,-89.399682,2026-08-02 01:05:51.712318720,3,12693,230,52
33.280215,-89.427104,2026-08-02 01:05:51.712364288,3,6538,240,35
33.25828,-89.411024,2026-08-02 01:05:51.712361728,3,9313,226,23
57.368135,-113.678223,2026-08-02 01:05:51.726173184,3,10331,259,43
57.784164,-113.932192,2026-08-02 01:05:51.726059520,3,4991,238,34
33.123616,-89.610864,2026-08-02 01:05:51.747611136,3,9899,119,33
33.154202,-89.475117,2026-08-02 01:05:51.812109568,3,10916,185,22
57.83368,-114.220618,2026-08-02 01:05:51.895407872,3,9077,179,31
33.161286,-89.494355,2026-08-02 01:05:52.117457664,3,8395,107,27
17.459428,-85.581588,2026-08-02 01:05:52.811956224,3,8270,257,58
54.406562,-118.130451,2026-08-02 01:06:00.605834240,3,11608,123,41
54.291814,-118.106371,2026-08-02 01:06:00.605917952,3,13446,246,28
29.831311,-80.778205,2026-08-02 01:06:00.967577600,3,14444,243,26
35.089773,-84.775073,2026-08-02 01:06:01.684682496,3,9539,103,35
35.146927,-84.80152,2026-08-02 01:06:01.684740352,3,6350,194,31
29.754657,-109.108075,2026-08-02 01:06:02.485231360,3,11103,244,26
24.158413,-89.98213,2026-08-02 01:06:04.225786880,3,6219,240,42
32.376358,-72.66913,2026-08-02 01:06:05.562779136,3,6855,223,30
34.84143,-85.539507,2026-08-02 01:06:06.72381696,3,12577,75,18
34.874181,-85.578638,2026-08-02 01:06:06.151846144,3,8215,188,26
34.834203,-85.533102,2026-08-02 01:06:06.211799552,3,13884,69,26
34.88487,-85.564323,2026-08-02 01:06:06.279012352,3,5509,193,30
34.907784,-85.514444,2026-08-02 01:06:06.334794496,3,10610,120,23
34.838187,-85.523561,2026-08-02 01:06:06.440926208,3,10427,69,22
25.346075,-70.987304,2026-08-02 01:06:08.253336064,3,10553,262,13
40.36318,-84.200202,2026-08-02 01:06:09.149126400,3,11888,147,68
22.991767,-105.643597,2026-08-02 01:06:16.760033792,3,9942,258,72
23.001812,-105.64978,2026-08-02 01:06:16.760031488,3,7611,244,59
53.548701,-112.622914,2026-08-02 01:06:17.901626880,3,14306,238,33
32.837563,-89.997141,2026-08-02 01:06:18.64866816,3,4582,111,35
32.936072,-89.998673,2026-08-02 01:06:18.64905728,3,5627,204,62
33.227574,-85.884612,2026-08-02 01:06:25.456538112,3,14055,210,25
35.742379,-84.964666,2026-08-02 01:06:26.85655040,3,14311,262,33
32.748775,-109.366158,2026-08-02 01:06:26.641998080,3,14431,151,22
29.012742,-78.614217,2026-08-02 01:06:27.919326464,3,14861,192,54
29.031946,-78.640753,2026-08-02 01:06:27.924799232,3,5283,192,42
29.096896,-78.656414,2026-08-02 01:06:27.924822016,3,6514,269,67
29.102219,-78.689878,2026-08-02 01:06:27.924868608,3,9232,205,54
29.160993,-78.729853,2026-08-02 01:06:27.924891392,3,5415,253,41
28.952356,-78.72641,2026-08-02 01:06:27.971926784,3,10252,179,17
34.922311,-82.554946,2026-08-02 01:06:28.333020928,3,5174,220,67
34.974792,-82.541137,2026-08-02 01:06:28.333035520,3,10655,131,55
34.946954,-82.569383,2026-08-02 01:06:28.333075712,3,10858,198,30
38.9411,-82.448526,2026-08-02 01:06:30.940491776,3,12147,85,68
39.058805,-82.427116,2026-08-02 01:06:30.940531200,3,14061,217,60
38.91874,-82.445669,2026-08-02 01:06:30.940511232,3,7610,128,50
38.971922,-82.437748,2026-08-02 01:06:30.940524288,3,8551,118,39
38.871212,-82.402961,2026-08-02 01:06:31.186478592,3,7402,90,20
37.355637,-84.670737,2026-08-02 01:06:32.123101440,3,13545,71,28
29.580834,-63.204068,2026-08-02 01:06:33.414512896,3,5323,268,21
31.587581,-108.721735,2026-08-02 01:06:41.889779968,3,11868,188,27
31.724035,-108.650158,2026-08-02 01:06:41.981885696,3,13744,217,26
31.616632,-108.733579,2026-08-02 01:06:42.108121856,3,13672,206,32
25.882996,-59.859997,2026-08-02 01:06:51.255899904,3,9158,248,32
33.444969,-85.740626,2026-08-02 01:06:51.542590976,3,14602,110,41
33.483915,-85.748006,2026-08-02 01:06:51.542654208,3,9594,262,28
33.303825,-85.690008,2026-08-02 01:06:51.710430464,3,8242,135,52
33.327194,-85.786368,2026-08-02 01:06:51.710458368,3,12594,205,39
32.575978,-107.08688,2026-08-02 01:06:55.682234368,3,12891,166,27
33.331561,-85.775053,2026-08-02 01:06:56.520935680,3,14223,116,31
33.426544,-85.787579,2026-08-02 01:06:56.520965376,3,14723,262,18
23.487488,-105.342474,2026-08-02 01:06:56.584259840,3,11124,268,33
23.596998,-105.439559,2026-08-02 01:06:56.584309248,3,10419,243,35
32.790551,-109.301868,2026-08-02 01:06:57.743070976,3,14565,140,27
34.366563,-103.245359,2026-08-02 01:06:58.830936320,3,8333,134,43
34.373076,-103.169203,2026-08-02 01:06:58.830950656,3,7824,189,30
34.540931,-103.219395,2026-08-02 01:06:58.830986752,3,9780,215,16
33.249879,-105.90408,2026-08-02 01:06:59.351813376,3,11301,181,29
29.515205,-65.313396,2026-08-02 01:07:00.168293376,3,5893,262,27
57.229448,-113.80229,2026-08-02 01:07:00.407457280,3,14764,255,41
57.213333,-113.850616,2026-08-02 01:07:00.407493120,3,7788,239,29
58.473102,-113.633082,2026-08-02 01:07:01.812505344,3,13168,241,31
27.739274,-108.91425,2026-08-02 01:07:01.899000064,3,5097,237,57
21.111918,-99.468679,2026-08-02 01:07:10.744472576,3,7749,245,33
34.692349,-85.162009,2026-08-02 01:07:11.53779968,3,13787,91,64
34.668488,-85.240378,2026-08-02 01:07:11.53833728,3,14517,95,54
34.71038,-85.20343,2026-08-02 01:07:11.53840128,3,3986,196,42
35.045589,-84.805535,2026-08-02 01:07:11.903157504,3,11702,97,51
35.091055,-84.794555,2026-08-02 01:07:11.903165184,3,7961,197,36
55.062414,-114.135308,2026-08-02 01:07:19.959054336,3,13090,231,39
55.054388,-114.200299,2026-08-02 01:07:19.959088640,3,4846,229,26
24.420335,-89.919987,2026-08-02 01:07:20.635597056,3,9125,234,15
24.534733,-89.950283,2026-08-02 01:07:20.635674624,3,7615,248,30
51.833723,-120.477588,2026-08-02 01:07:20.953780992,3,8281,181,31
32.728562,-109.499188,2026-08-02 01:07:29.612875520,3,13230,98,31
57.63246,-113.856365,2026-08-02 01:07:29.900464640,3,9681,208,26
40.037938,-84.367163,2026-08-02 01:07:31.804226048,3,8563,181,39
40.005764,-84.342122,2026-08-02 01:07:31.806500608,3,13748,75,35
34.066291,-103.794223,2026-08-02 01:07:31.878954752,3,10747,199,21
33.076901,-106.286007,2026-08-02 01:07:33.203315456,3,9179,147,36
33.208102,-106.274564,2026-08-02 01:07:33.203392512,3,10751,227,22
53.62988,-112.674849,2026-08-02 01:07:33.434436096,3,14305,200,32
53.589065,-112.573422,2026-08-02 01:07:33.434467328,3,9560,216,20
58.278331,-113.623513,2026-08-02 01:07:34.354423296,3,13316,259,37
34.888656,-85.518287,2026-08-02 01:07:43.935270400,3,14123,193,34
34.900139,-85.623655,2026-08-02 01:07:44.403791872,3,11899,187,39
34.921927,-85.660498,2026-08-02 01:07:44.403841280,3,10470,198,21
33.146614,-85.888926,2026-08-02 01:07:46.461742080,3,8625,112,77
33.129941,-85.857679,2026-08-02 01:07:46.461740288,3,5612,242,64
33.115133,-85.96704,2026-08-02 01:07:46.461773056,3,12027,205,50
32.841892,-109.524456,2026-08-02 01:07:54.711366656,3,14359,134,40
32.954282,-109.500926,2026-08-02 01:07:54.711444480,3,12209,197,28
33.404941,-105.481686,2026-08-02 01:07:55.3500544,3,12008,166,34
33.662431,-86.340631,2026-08-02 01:07:55.793330688,3,9689,202,27
19.961252,107.834588,2026-08-02 01:05:09.188962304,4,10248,239,22
41.793501,124.715888,2026-08-02 01:05:10.809801472,4,7182,158,25
52.252172,24.286999,2026-08-02 01:05:17.938469120,4,10113,212,43
52.274133,24.291174,2026-08-02 01:05:17.938473472,4,14631,171,31
18.773928,111.768034,2026-08-02 01:05:24.675190528,4,11263,222,24
57.151118,31.473342,2026-08-02 01:05:35.317939200,4,12976,175,25
64.28015,17.411869,2026-08-02 01:05:45.37373952,4,11283,256,23
41.78251,124.738992,2026-08-02 01:05:57.983542016,4,8099,157,37
54.463433,26.148896,2026-08-02 01:06:22.467320832,4,11432,83,38
41.780212,124.736601,2026-08-02 01:06:46.101731072,4,9878,155,41
41.784503,124.808123,2026-08-02 01:06:46.179113984,4,6483,157,29
41.79221,124.774462,2026-08-02 01:06:46.261857536,4,12525,152,16
20.806474,109.445263,2026-08-02 01:06:56.67620096,4,10323,229,22
57.245355,31.572068,2026-08-02 01:06:59.503524096,4,13706,203,46
57.245742,31.512176,2026-08-02 01:06:59.503584000,4,5210,170,25
56.173431,31.902011,2026-08-02 01:07:06.530510848,4,7644,160,24
18.820256,111.790133,2026-08-02 01:07:10.470038016,4,14377,222,25
41.788147,124.551581,2026-08-02 01:07:16.11486208,4,13501,156,36
41.93522,124.731372,2026-08-02 01:07:16.11515392,4,14083,170,24
41.802749,124.628218,2026-08-02 01:07:16.72220160,4,12944,153,23
41.663629,124.870984,2026-08-02 01:07:22.47900672,4,14241,181,55
28.873896,-78.612763,2026-08-02 01:05:02.949860864,7,8074,137,24
29.102158,-78.689112,2026-08-02 01:05:02.949928192,7,14741,250,12
28.882542,-78.639783,2026-08-02 01:05:03.23091200,7,5330,181,13
28.890094,-78.651207,2026-08-02 01:05:03.95917824,7,7517,180,13
27.916744,-108.472014,2026-08-02 01:05:42.625794560,7,11173,257,17
27.96872,-79.193032,2026-08-02 01:05:48.64402432,7,6020,180,21
16.727693,-85.096348,2026-08-02 01:05:52.811742208,7,7229,256,15
6.940392,-81.951609,2026-08-02 01:06:33.667523072,7,7900,213,17
23.032777,-74.364237,2026-08-02 01:06:43.842915072,7,4404,253,20
26.446488,-64.487758,2026-08-02 01:06:44.651113216,7,11438,268,20
28.327783,-78.867089,2026-08-02 01:06:50.198370560,7,3446,202,11
28.40842,-78.925068,2026-08-02 01:06:50.198442752,7,4841,212,12
28.282233,-78.886135,2026-08-02 01:06:50.257413120,7,6859,187,12
26.746224,-64.210722,2026-08-02 01:07:22.32302080,7,10085,207,14
24.451357,-100.927089,2026-08-02 01:07:27.219780864,7,14504,241,17
18.947373,-86.828687,2026-08-02 01:07:46.122064128,7,13133,234,14
10.42289,-6.85611,2026-08-02 01:06:41.784349184,5,12040,215,10
41.773858,125.063629,2026-08-02 01:05:04.698837248,9,12908,151,16
41.931796,124.899455,2026-08-02 01:05:10.809829376,9,10187,170,14
18.728291,111.62936,2026-08-02 01:05:24.675153664,9,7370,244,24
21.000687,109.369607,2026-08-02 01:05:28.241345280,9,10357,237,19
17.245611,104.978025,2026-08-02 01:05:47.780434176,9,10492,269,15
42.016457,125.426728,2026-08-02 01:05:53.87467264,9,11023,168,15
51.588762,110.399672,2026-08-02 01:05:57.35897088,9,9667,223,25
41.78246,124.739077,2026-08-02 01:05:57.983542016,9,8098,157,35
41.781065,124.736337,2026-08-02 01:05:57.983536640,9,10140,188,21
19.762788,107.661601,2026-08-02 01:06:23.870105856,9,6860,253,16
28.812771,-173.611002,2026-08-02 01:06:36.55248128,9,7797,178,17
51.076791,109.895789,2026-08-02 01:06:36.176435200,9,8531,242,13
41.793891,124.740229,2026-08-02 01:06:46.101726208,9,7334,186,23
41.785094,124.808244,2026-08-02 01:06:46.179114496,9,6372,176,26
41.77142,124.825246,2026-08-02 01:06:46.179125248,9,7595,187,12
41.825316,124.788905,2026-08-02 01:06:46.261862912,9,6053,187,15
18.844257,111.692304,2026-08-02 01:07:10.470004480,9,6185,235,26
41.786284,124.575405,2026-08-02 01:07:16.11491584,9,11374,156,31
41.799101,124.640898,2026-08-02 01:07:16.11504384,9,10556,188,18
41.826187,124.636396,2026-08-02 01:07:16.72218368,9,11356,185,21
41.819561,124.971667,2026-08-02 01:07:22.47902208,9,8874,155,40
41.826331,124.983821,2026-08-02 01:07:22.47902720,9,4725,186,19
41.794991,124.71719,2026-08-02 01:07:40.94285312,9,10472,152,37
41.81572,124.774083,2026-08-02 01:07:40.94300416,9,9189,132,22
41.785476,124.79403,2026-08-02 01:07:40.164308992,9,11688,152,17
41.7751,124.745453,2026-08-02 01:07:40.263373312,9,10620,152,13
41.805893,124.670765,2026-08-02 01:07:40.446112512,9,9464,157,32
41.783649,124.748287,2026-08-02 01:07:40.446127872,9,8842,187,18
41.755119,124.728923,2026-08-02 01:07:40.733795584,9,8974,188,10
32.000326,-108.831184,2026-08-02 01:05:00.314340864,13,12068,181,37
32.10195,-108.755624,2026-08-02 01:05:00.314389248,13,8347,214,25
21.042166,-78.435141,2026-08-02 01:05:01.550986496,13,7626,257,60
30.055066,-108.916677,2026-08-02 01:05:01.588570880,13,9751,212,58
29.984121,-108.83825,2026-08-02 01:05:01.588600320,13,8907,189,66
40.353414,-84.328519,2026-08-02 01:05:02.199631616,13,8466,104,36
39.517735,-83.652855,2026-08-02 01:05:02.468560128,13,7115,97,38
39.516957,-83.659708,2026-08-02 01:05:02.468562944,13,11336,118,47
28.9643,-78.67939,2026-08-02 01:05:02.949844992,13,6213,143,72
28.955295,-78.701844,2026-08-02 01:05:03.23113216,13,2982,220,30
28.895398,-78.680895,2026-08-02 01:05:03.220362496,13,5780,183,25
34.898682,-84.976736,2026-08-02 01:05:07.893828096,13,14110,131,27
57.544061,-113.87462,2026-08-02 01:05:08.398330368,13,10601,207,26
44.172943,-89.86623,2026-08-02 01:05:09.514869760,13,9942,89,20
40.008097,-84.373184,2026-08-02 01:05:09.815650048,13,11611,171,30
39.953539,-84.289985,2026-08-02 01:05:10.381309440,13,8911,155,34
39.985571,-84.304371,2026-08-02 01:05:10.381321728,13,11379,150,35
39.941935,-84.343138,2026-08-02 01:05:10.381352448,13,10985,142,25
33.592963,-107.113246,2026-08-02 01:05:11.399655680,13,10688,144,21
33.573594,-107.108476,2026-08-02 01:05:11.823379456,13,10165,139,23
58.344474,-113.538916,2026-08-02 01:05:14.183319040,13,11967,268,78
35.030424,-103.38169,2026-08-02 01:05:16.219419648,13,7861,114,44
34.980491,-103.387302,2026-08-02 01:05:16.219429632,13,6674,107,43
35.122374,-103.43151,2026-08-02 01:05:16.219469312,13,9132,203,29
32.851293,-109.3468,2026-08-02 01:05:16.957832704,13,13225,200,27
32.773103,-109.409966,2026-08-02 01:05:17.167539200,13,14170,98,20
24.570208,-100.72743,2026-08-02 01:05:17.723672832,13,9572,269,44
36.042401,-85.547178,2026-08-02 01:05:17.767772160,13,8096,72,30
32.996519,-86.137873,2026-08-02 01:05:20.58044672,13,7197,111,42
32.86295,-109.46572,2026-08-02 01:05:27.507888896,13,11274,197,35
57.555189,-113.487728,2026-08-02 01:05:28.422853120,13,13046,245,47
58.526982,-111.905502,2026-08-02 01:05:29.663315712,13,11976,257,70
33.403201,-85.733028,2026-08-02 01:05:29.967332096,13,11404,168,42
33.377219,-85.764269,2026-08-02 01:05:29.967369472,13,9251,246,31
34.140989,-86.714826,2026-08-02 01:05:31.335668736,13,14632,196,25
32.834179,-109.348242,2026-08-02 01:05:33.657375744,13,13335,147,41
32.870036,-109.335204,2026-08-02 01:05:33.657426944,13,10846,197,30
33.859948,-80.209904,2026-08-02 01:05:34.309058304,13,4852,244,41
33.876053,-80.252004,2026-08-02 01:05:34.309111040,13,9236,168,28
35.97659,-85.630869,2026-08-02 01:05:34.570842368,13,7951,176,43
35.987393,-85.636045,2026-08-02 01:05:34.570844160,13,6979,182,35
34.404541,-103.243897,2026-08-02 01:05:35.131366400,13,12927,133,47
34.430342,-103.258174,2026-08-02 01:05:35.131418112,13,13635,206,29
33.175898,-85.946625,2026-08-02 01:05:37.322505984,13,12939,113,25
33.288588,-105.565359,2026-08-02 01:05:39.521948416,13,12303,116,38
33.373473,-105.576742,2026-08-02 01:05:39.521968128,13,9619,170,25
24.180249,-105.942908,2026-08-02 01:05:40.163792384,13,12838,265,89
28.374204,-109.077264,2026-08-02 01:05:41.360250368,13,8108,234,69
28.280684,-109.103097,2026-08-02 01:05:41.360242176,13,9951,235,56
30.494045,-65.839658,2026-08-02 01:05:41.949042176,13,3003,256,31
35.788642,-85.74179,2026-08-02 01:05:42.380195328,13,11014,105,56
35.777925,-85.830386,2026-08-02 01:05:42.380248064,13,12393,95,39
28.021975,-108.412618,2026-08-02 01:05:42.625821440,13,5391,232,49
32.437796,-107.206041,2026-08-02 01:05:44.140993792,13,10185,248,24
36.315728,-85.420212,2026-08-02 01:05:45.180333824,13,6518,162,30
28.132499,-79.113509,2026-08-02 01:05:47.609440512,13,3129,214,43
40.115291,-83.737469,2026-08-02 01:05:47.903961088,13,12845,149,47
40.157476,-83.769327,2026-08-02 01:05:47.903977728,13,13756,176,60
40.098873,-83.762975,2026-08-02 01:05:47.903974144,13,12354,112,45
28.092902,-79.184659,2026-08-02 01:05:48.64454400,13,13222,227,61
28.113703,-79.180103,2026-08-02 01:05:48.64459264,13,13808,227,47
39.448972,-84.22227,2026-08-02 01:05:48.157932032,13,13164,49,57
39.488896,-84.211151,2026-08-02 01:05:48.157943040,13,8328,185,61
39.536795,-84.208948,2026-08-02 01:05:48.157957120,13,6153,241,46
33.640275,-86.339825,2026-08-02 01:05:48.324178176,13,6401,109,58
40.203029,-83.269653,2026-08-02 01:05:48.588054016,13,12000,135,42
40.32949,-83.250328,2026-08-02 01:05:48.588082176,13,8724,222,34
32.774981,-109.52555,2026-08-02 01:05:49.740990464,13,11987,148,25
32.676896,-109.361243,2026-08-02 01:05:50.348178944,13,12359,144,23
33.162706,-89.400664,2026-08-02 01:05:51.712287744,13,7073,117,60
33.230712,-89.392233,2026-08-02 01:05:51.712319232,13,12999,194,68
57.767786,-113.925803,2026-08-02 01:05:51.726070528,13,6229,239,26
57.731234,-113.906987,2026-08-02 01:05:51.895479040,13,11293,238,26
33.153712,-89.490517,2026-08-02 01:05:52.117457408,13,8989,107,27
17.3943,-85.561289,2026-08-02 01:05:52.811945472,13,8503,231,50
17.458788,-85.486351,2026-08-02 01:05:52.880943616,13,9238,250,38
33.464398,-80.67621,2026-08-02 01:05:53.6555392,13,10930,138,25
37.175928,-84.765221,2026-08-02 01:05:54.232298496,13,11169,105,34
37.220785,-84.879267,2026-08-02 01:05:54.232333312,13,13044,75,27
32.970796,-86.067465,2026-08-02 01:05:55.3003136,13,9132,220,52
33.058231,-86.1968,2026-08-02 01:05:55.3051776,13,6404,267,44
33.821759,-80.322886,2026-08-02 01:05:57.88463616,13,13323,102,28
25.733097,-107.533177,2026-08-02 01:05:57.846374912,13,13293,252,38
29.830947,-80.778351,2026-08-02 01:06:00.967577344,13,14444,243,32
35.130493,-84.787584,2026-08-02 01:06:01.684739840,13,8487,156,21
29.7518,-109.134979,2026-08-02 01:06:02.485238784,13,13812,245,23
32.361642,-72.677173,2026-08-02 01:06:05.562777856,13,9963,223,31
34.841423,-85.539508,2026-08-02 01:06:06.72381184,13,12576,69,18
34.846478,-85.561575,2026-08-02 01:06:06.151836160,13,14702,99,28
34.834198,-85.533102,2026-08-02 01:06:06.211799552,13,13885,69,29
34.923393,-85.526883,2026-08-02 01:06:06.279031296,13,5418,194,31
34.831294,-85.594244,2026-08-02 01:06:06.334759936,13,10776,191,24
34.828831,-85.542973,2026-08-02 01:06:06.440927488,13,14912,92,19
40.370225,-84.213491,2026-08-02 01:06:09.149127424,13,10889,160,50
23.926825,-106.236761,2026-08-02 01:06:09.490397952,13,9255,241,23
33.172629,-85.865804,2026-08-02 01:06:10.809648128,13,12090,148,26
34.834361,-85.597064,2026-08-02 01:06:13.97589760,13,13764,98,58
34.972262,-85.798247,2026-08-02 01:06:13.97641216,13,12387,189,44
35.025352,-85.773674,2026-08-02 01:06:13.97673728,13,12075,254,31
18.775768,-86.872056,2026-08-02 01:06:13.647755776,13,10652,234,19
34.33836,-103.244112,2026-08-02 01:06:15.296423680,13,7779,226,28
36.316514,-85.407646,2026-08-02 01:06:15.666950912,13,9353,98,41
36.379225,-85.435258,2026-08-02 01:06:15.667007744,13,9266,182,31
32.810364,-109.360829,2026-08-02 01:06:16.105671936,13,13937,148,55
23.023636,-105.638629,2026-08-02 01:06:16.760043776,13,8593,258,78
32.855971,-90.023158,2026-08-02 01:06:18.64867328,13,13375,119,48
34.865395,-85.62098,2026-08-02 01:06:19.208096512,13,14011,192,26
46.046689,-81.738136,2026-08-02 01:06:19.458522112,13,11236,128,28
45.942347,-81.70582,2026-08-02 01:06:19.458568448,13,14587,161,26
34.868658,-85.731107,2026-08-02 01:06:21.952663552,13,11304,92,44
34.923874,-85.764954,2026-08-02 01:06:21.952717824,13,5704,103,28
40.233004,-83.261559,2026-08-02 01:06:22.642501888,13,9162,70,20
33.315764,-85.786082,2026-08-02 01:06:23.841146112,13,11020,109,43
33.377521,-85.764141,2026-08-02 01:06:23.841203456,13,5579,268,29
32.748784,-109.366167,2026-08-02 01:06:26.641998080,13,14431,151,22
29.004069,-78.608978,2026-08-02 01:06:27.919326720,13,10009,193,55
29.032861,-78.646218,2026-08-02 01:06:27.924800000,13,9006,188,50
29.104612,-78.691235,2026-08-02 01:06:27.924877568,13,7294,254,52
34.911433,-82.567208,2026-08-02 01:06:28.333012480,13,11491,189,34
38.935086,-82.438827,2026-08-02 01:06:30.940488960,13,12712,90,67
39.058872,-82.427107,2026-08-02 01:06:30.940531200,13,14061,217,61
38.925556,-82.43865,2026-08-02 01:06:30.940514048,13,10501,128,51
38.971912,-82.437733,2026-08-02 01:06:30.940521728,13,8550,118,38
37.3523,-84.669328,2026-08-02 01:06:32.123100160,13,11394,112,28
37.59609,-60.704973,2026-08-02 01:06:34.504116224,13,13085,269,49
37.812035,-60.879492,2026-08-02 01:06:34.674239488,13,8900,228,56
34.881912,-85.740735,2026-08-02 01:06:37.577387520,13,13019,102,28
32.271346,-107.119534,2026-08-02 01:06:38.103903744,13,13881,124,24
32.271279,-107.139537,2026-08-02 01:06:38.167770880,13,11302,124,21
36.094716,-84.433273,2026-08-02 01:06:38.432263680,13,11977,149,25
31.725079,-108.678231,2026-08-02 01:06:42.108123904,13,13791,185,29
31.768044,-108.685866,2026-08-02 01:06:42.108178176,13,10313,226,22
51.629437,-118.093482,2026-08-02 01:06:46.554086912,13,14941,179,50
40.034392,-84.251419,2026-08-02 01:06:47.31198720,13,12405,74,42
33.284422,-85.762914,2026-08-02 01:06:47.403033856,13,6841,204,43
33.211002,-85.78583,2026-08-02 01:06:47.403050752,13,5230,201,31
40.053877,-84.156621,2026-08-02 01:06:47.495035136,13,14094,94,35
40.06,-84.157424,2026-08-02 01:06:47.495042304,13,6120,201,36
40.067582,-84.199063,2026-08-02 01:06:47.495086336,13,10981,142,23
27.720978,-109.199495,2026-08-02 01:06:47.924143872,13,6299,238,28
28.284373,-78.953157,2026-08-02 01:06:50.198401280,13,10662,185,52
28.328517,-78.970933,2026-08-02 01:06:50.257416448,13,3909,188,33
33.384322,-85.761385,2026-08-02 01:06:51.542619136,13,12990,111,35
33.303813,-85.690018,2026-08-02 01:06:51.710430464,13,8243,135,52
33.35117,-85.812531,2026-08-02 01:06:51.710459648,13,9854,204,40
32.57613,-107.086813,2026-08-02 01:06:55.682234368,13,12891,166,25
33.331568,-85.77505,2026-08-02 01:06:56.520935680,13,14223,116,31
32.790551,-109.301866,2026-08-02 01:06:57.743070976,13,14564,140,33
34.364768,-103.225847,2026-08-02 01:06:58.830941184,13,7384,144,41
34.536443,-103.209347,2026-08-02 01:06:58.830987776,13,8190,215,29
33.202893,-106.001004,2026-08-02 01:06:59.351775744,13,10734,231,28
57.214379,-113.862759,2026-08-02 01:07:00.407489280,13,6560,239,24
27.430625,-109.099237,2026-08-02 01:07:01.898912000,13,11547,264,20
32.856142,-109.365879,2026-08-02 01:07:02.746144256,13,14783,203,30
32.741055,-109.413647,2026-08-02 01:07:03.104861696,13,13062,140,38
35.048722,-84.710082,2026-08-02 01:07:03.794535168,13,9984,82,26
35.027859,-84.679288,2026-08-02 01:07:03.855079680,13,14400,60,27
28.135757,-109.486147,2026-08-02 01:07:05.53490432,13,11211,246,25
33.179253,-85.88152,2026-08-02 01:07:05.903111424,13,7393,125,45
33.321628,-85.86052,2026-08-02 01:07:05.903190784,13,12724,263,32
33.138462,-85.931674,2026-08-02 01:07:06.451309312,13,14487,113,38
33.239495,-85.870966,2026-08-02 01:07:06.451363328,13,8399,263,25
34.692344,-85.161998,2026-08-02 01:07:11.53779968,13,13788,91,67
34.668487,-85.240379,2026-08-02 01:07:11.53833728,13,14518,95,56
34.719549,-85.193625,2026-08-02 01:07:11.53844480,13,10884,196,44
35.045572,-84.805531,2026-08-02 01:07:11.903157504,13,11701,97,52
35.094979,-84.713567,2026-08-02 01:07:11.903177472,13,11536,194,38
33.401076,-105.498951,2026-08-02 01:07:12.806786048,13,6099,177,36
33.540348,-105.522607,2026-08-02 01:07:12.806817536,13,9990,227,22
33.594958,-88.130375,2026-08-02 01:07:13.553437952,13,14637,211,36
33.626951,-88.081238,2026-08-02 01:07:13.657348608,13,7967,102,58
33.631808,-88.183537,2026-08-02 01:07:13.657382144,13,10417,198,44
33.893384,-105.489511,2026-08-02 01:07:16.80262912,13,14076,132,67
39.485596,-84.218224,2026-08-02 01:07:16.315978240,13,14938,77,33
39.510584,-84.207555,2026-08-02 01:07:16.793098240,13,5283,182,83
39.504854,-84.206099,2026-08-02 01:07:16.793103872,13,7013,159,72
39.562645,-84.20449,2026-08-02 01:07:16.793118976,13,5626,234,52
39.537929,-84.218201,2026-08-02 01:07:16.793114624,13,6075,123,39
39.498326,-84.206767,2026-08-02 01:07:16.842704384,13,10757,152,41
39.537084,-84.31773,2026-08-02 01:07:16.842745344,13,13202,212,31
31.911703,-108.919233,2026-08-02 01:07:18.884658176,13,13036,180,34
55.039694,-114.17779,2026-08-02 01:07:19.959095296,13,7511,229,24
51.83373,-120.477583,2026-08-02 01:07:20.953780992,13,8280,181,33
40.227703,-83.272171,2026-08-02 01:07:23.62787328,13,14604,84,31
51.372285,-116.435583,2026-08-02 01:07:25.902061056,13,14438,173,50
51.267973,-116.405663,2026-08-02 01:07:25.902094848,13,5765,253,37
24.528173,-100.800999,2026-08-02 01:07:27.136654336,13,10331,265,80
24.542541,-100.88668,2026-08-02 01:07:27.219807232,13,8292,226,67
39.160862,-83.441695,2026-08-02 01:07:28.199505920,13,5489,221,27
32.728559,-109.499188,2026-08-02 01:07:29.612875520,13,13229,98,24
57.608161,-113.723748,2026-08-02 01:07:29.900500736,13,9931,237,25
40.038823,-84.343479,2026-08-02 01:07:31.804227840,13,10324,193,42
40.005774,-84.342119,2026-08-02 01:07:31.806500608,13,13747,75,36
34.066308,-103.794215,2026-08-02 01:07:31.878954752,13,10747,199,22
32.996357,-106.318554,2026-08-02 01:07:33.203327744,13,12069,168,34
53.642832,-112.671103,2026-08-02 01:07:33.434433280,13,12533,200,30
53.58915,-112.574457,2026-08-02 01:07:33.434467584,13,9568,216,18
9.751038,-45.475451,2026-08-02 01:07:34.372225280,13,13627,216,55
33.610551,-88.182818,2026-08-02 01:07:35.362284032,13,14247,187,28
33.547238,-82.080777,2026-08-02 01:07:35.519631872,13,13290,158,20
54.245497,-117.690351,2026-08-02 01:07:36.346923264,13,8366,255,37
19.148331,-82.728423,2026-08-02 01:07:40.122681344,13,7907,265,85
55.51266,-62.946421,2026-08-02 01:07:40.312273664,13,13113,168,19
28.161659,-79.117191,2026-08-02 01:07:40.598047744,13,6570,214,38
28.153984,-79.114481,2026-08-02 01:07:40.598047232,13,7411,260,18
33.353838,-85.757017,2026-08-02 01:07:40.966885120,13,4870,209,39
33.35701,-85.766342,2026-08-02 01:07:40.966925568,13,4225,263,27
34.888663,-85.518288,2026-08-02 01:07:43.935270400,13,14123,193,34
34.906879,-85.633685,2026-08-02 01:07:44.403795712,13,10260,187,40
34.921903,-85.660524,2026-08-02 01:07:44.403841280,13,10469,198,22
33.148894,-85.886408,2026-08-02 01:07:46.461743104,13,6749,112,72
33.136724,-85.874712,2026-08-02 01:07:46.461741312,13,6000,228,60
22.36859,-77.147808,2026-08-02 01:07:46.680734976,13,4314,230,22
35.971508,-85.577348,2026-08-02 01:07:49.796697600,13,3942,106,40
31.730523,-108.676729,2026-08-02 01:07:51.584460032,13,11748,186,32
31.751508,-108.65574,2026-08-02 01:07:51.584515072,13,8761,215,20
31.712947,-108.704433,2026-08-02 01:07:51.658547200,13,11363,120,50
31.781139,-108.673903,2026-08-02 01:07:51.658605568,13,7112,205,35
32.934705,-109.51179,2026-08-02 01:07:54.711449088,13,13892,197,24
33.408805,-105.475949,2026-08-02 01:07:55.3501824,13,9332,166,32
33.662457,-86.340626,2026-08-02 01:07:55.793330688,13,9690,202,33
39.454286,-84.299762,2026-08-02 01:07:57.262281984,13,7715,210,26
39.491117,-84.330655,2026-08-02 01:07:57.280425472,13,13456,192,30
39.429983,-84.400593,2026-08-02 01:07:57.280402176,13,6346,260,17
33.373525,-107.213688,2026-08-02 01:07:57.580648448,13,13131,108,33
53.079661,-66.802321,2026-08-02 01:07:58.731552768,13,13384,202,43
33.032328,-106.204706,2026-08-02 01:08:01.601290496,13,3822,166,59
33.104475,-106.119405,2026-08-02 01:08:01.601304576,13,11729,183,63
40.240256,-83.311251,2026-08-02 01:08:02.733520128,13,9161,136,24
38.829845,-84.24579,2026-08-02 01:08:03.625881600,13,14403,58,23
33.646853,-88.107101,2026-08-02 01:08:04.132130048,13,10267,194,45
36.160348,-84.349656,2026-08-02 01:08:05.821705984,13,4450,192,37
36.130598,-84.347673,2026-08-02 01:08:05.821740288,13,12676,108,25
36.133385,-84.320342,2026-08-02 01:08:05.957303296,13,12122,190,28
34.913392,-85.534904,2026-08-02 01:08:07.22352384,13,13137,188,42
34.875815,-85.60552,2026-08-02 01:08:07.22382080,13,10837,102,29
27.859738,-109.151179,2026-08-02 01:08:09.927460352,13,13318,181,34
27.809067,-109.102668,2026-08-02 01:08:09.927482624,13,7794,184,21
19.962193,107.835006,2026-08-02 01:05:09.188962304,14,10257,239,23
18.773924,111.767975,2026-08-02 01:05:24.675190528,14,11264,222,24
41.782231,124.738773,2026-08-02 01:05:57.983542016,14,8093,158,33
41.775624,124.716253,2026-08-02 01:06:46.101728000,14,7183,155,40
18.84068,111.795081,2026-08-02 01:07:10.470045440,14,14780,222,26
41.802882,124.589749,2026-08-02 01:07:16.11490560,14,8044,156,28
41.821011,124.958882,2026-08-02 01:07:22.47899136,14,8586,156,41
41.823888,124.73272,2026-08-02 01:07:40.94282496,14,7306,155,42
29.012049,-78.647269,2026-08-02 01:05:02.949905152,11,4767,252,161
57.173146,31.353762,2026-08-02 01:05:05.846629120,11,8116,122,50
52.461814,24.44213,2026-08-02 01:05:09.572829184,11,4998,269,63
52.470033,24.491065,2026-08-02 01:05:09.572825600,11,9083,185,48
52.45235,24.498883,2026-08-02 01:05:09.572906752,11,14432,182,29
57.261061,31.350953,2026-08-02 01:05:12.815361024,11,8749,130,75
57.291096,31.835913,2026-08-02 01:05:12.815331840,11,13569,244,67
57.225618,31.444397,2026-08-02 01:05:12.815409664,11,5901,267,54
54.458251,26.356821,2026-08-02 01:05:13.758531840,11,5965,215,115
54.444298,26.331695,2026-08-02 01:05:13.758540544,11,5653,220,126
54.440854,26.347542,2026-08-02 01:05:13.758540544,11,7055,184,118
52.253145,24.225072,2026-08-02 01:05:17.938478336,11,8982,155,276
52.273008,24.236396,2026-08-02 01:05:17.938481920,11,5046,250,387
52.243151,24.207276,2026-08-02 01:05:17.938492416,11,3846,209,369
52.264328,24.274799,2026-08-02 01:05:17.938473728,11,8367,245,354
57.459734,31.612928,2026-08-02 01:05:29.196227840,11,9472,148,27
33.236585,-85.859938,2026-08-02 01:05:29.967312640,11,14965,180,27
57.179224,31.455592,2026-08-02 01:05:35.317878784,11,9544,238,174
64.434409,17.463719,2026-08-02 01:05:45.37253888,11,6904,82,224
57.391943,32.097798,2026-08-02 01:06:05.895030272,11,14428,266,53
57.26335,31.605668,2026-08-02 01:06:05.895133696,11,5352,250,38
47.814098,-15.816962,2026-08-02 01:06:14.886691328,11,5982,251,466
32.820664,-90.226096,2026-08-02 01:06:18.64878592,11,13289,221,31
54.476003,26.280231,2026-08-02 01:06:22.467293184,11,8206,215,309
57.34641,31.808933,2026-08-02 01:06:27.466915840,11,13403,224,32
57.258154,31.537182,2026-08-02 01:06:27.466977792,11,4755,247,36
29.084445,-78.658166,2026-08-02 01:06:27.924865536,11,7835,254,67
38.892496,-82.462847,2026-08-02 01:06:30.940495104,11,12200,156,28
64.29184,17.510012,2026-08-02 01:06:41.955356928,11,7574,118,64
52.318797,24.357814,2026-08-02 01:06:46.726773248,11,8477,180,54
57.485779,31.372876,2026-08-02 01:06:46.739575552,11,8179,230,127
57.278216,31.51869,2026-08-02 01:06:59.503509248,11,8734,205,388
57.282839,31.479182,2026-08-02 01:06:59.503519488,11,3593,244,430
57.274888,31.487027,2026-08-02 01:06:59.503521792,11,3421,258,418
52.462228,24.513133,2026-08-02 01:07:02.428012800,11,13095,161,164
56.2229,31.754449,2026-08-02 01:07:06.530458880,11,6843,232,211
57.075367,31.570651,2026-08-02 01:07:08.209538048,11,5485,136,127
57.046932,31.74315,2026-08-02 01:07:08.209515520,11,9909,246,111
57.053993,31.70955,2026-08-02 01:07:08.209582080,11,7099,260,92
56.497635,31.036744,2026-08-02 01:07:12.522836992,11,12734,225,50
57.172587,31.698495,2026-08-02 01:07:23.788492032,11,12807,235,25
54.50027,26.289745,2026-08-02 01:07:33.641463040,11,12276,130,361
19.146303,-82.746781,2026-08-02 01:07:40.122680064,11,6444,249,182
57.464734,31.683866,2026-08-02 01:07:59.914630912,11,11119,252,19
29.154066,-78.690117,2026-08-02 01:08:03.855873536,11,4645,252,240
56.612807,30.807564,2026-08-02 01:08:05.572494336,11,11580,122,128
56.60862,30.83722,2026-08-02 01:08:05.572492544,11,9596,241,134
52.250847,24.311036,2026-08-02 01:08:12.769159168,11,4837,239,268
29.012049,-78.647269,2026-08-02 01:05:02.949905152,12,4767,252,162
57.173146,31.353762,2026-08-02 01:05:05.846629120,12,8116,122,50
52.461814,24.44213,2026-08-02 01:05:09.572829184,12,4998,269,63
52.470033,24.491065,2026-08-02 01:05:09.572825600,12,9083,185,48
52.45235,24.498883,2026-08-02 01:05:09.572906752,12,14432,182,29
57.253135,31.347547,2026-08-02 01:05:12.815360768,12,6226,130,59
57.246061,31.459302,2026-08-02 01:05:12.815340800,12,14349,244,68
57.225618,31.444397,2026-08-02 01:05:12.815409664,12,5901,267,54
54.458251,26.356821,2026-08-02 01:05:13.758531840,12,5965,215,115
54.444298,26.331695,2026-08-02 01:05:13.758540544,12,5653,220,126
54.440854,26.347542,2026-08-02 01:05:13.758540544,12,7055,184,118
52.253145,24.225072,2026-08-02 01:05:17.938478336,12,8982,155,279
52.273011,24.236435,2026-08-02 01:05:17.938477056,12,5047,250,387
52.256257,24.257587,2026-08-02 01:05:17.938478592,12,9340,162,370
52.2631,24.295202,2026-08-02 01:05:17.938470144,12,5695,245,348
57.452717,31.455857,2026-08-02 01:05:29.196237568,12,14277,107,21
33.341173,-85.843408,2026-08-02 01:05:29.967339264,12,14441,115,28
57.179224,31.455592,2026-08-02 01:05:35.317878784,12,9544,238,174
64.434407,17.463747,2026-08-02 01:05:45.37253888,12,6906,82,224
57.391943,32.097798,2026-08-02 01:06:05.895030272,12,14428,266,54
57.26335,31.605668,2026-08-02 01:06:05.895133696,12,5352,250,39
47.814098,-15.816962,2026-08-02 01:06:14.886691328,12,5982,251,467
32.820619,-90.226125,2026-08-02 01:06:18.64878592,12,13287,221,32
54.476003,26.280231,2026-08-02 01:06:22.467293184,12,8206,215,309
57.34641,31.808933,2026-08-02 01:06:27.466915840,12,13403,224,32
29.084445,-78.658166,2026-08-02 01:06:27.924865536,12,7835,254,68
57.143521,31.505834,2026-08-02 01:06:29.741435904,12,14319,270,25
38.892496,-82.462847,2026-08-02 01:06:30.940495104,12,12200,156,28
64.29184,17.510012,2026-08-02 01:06:41.955356928,12,7574,118,64
52.318797,24.357814,2026-08-02 01:06:46.726773248,12,8477,180,54
57.485779,31.372876,2026-08-02 01:06:46.739575552,12,8179,230,127
57.278216,31.51869,2026-08-02 01:06:59.503509248,12,8734,205,389
57.282839,31.479182,2026-08-02 01:06:59.503519488,12,3593,244,431
57.274888,31.487027,2026-08-02 01:06:59.503521792,12,3421,258,419
52.462228,24.513133,2026-08-02 01:07:02.428012800,12,13095,161,164
56.20386,31.858238,2026-08-02 01:07:06.530515968,12,7495,258,127
56.172737,31.767192,2026-08-02 01:07:06.530530304,12,10719,246,175
57.075367,31.570651,2026-08-02 01:07:08.209538048,12,5485,136,127
57.046932,31.74315,2026-08-02 01:07:08.209515520,12,9909,246,111
57.053993,31.70955,2026-08-02 01:07:08.209582080,12,7099,260,92
56.497635,31.036744,2026-08-02 01:07:12.522836992,12,12734,225,50
56.499259,30.997865,2026-08-02 01:07:12.522917632,12,4278,268,33
56.517005,31.068628,2026-08-02 01:07:12.911785728,12,7380,112,25
57.172587,31.698495,2026-08-02 01:07:23.788492032,12,12807,235,25
54.50027,26.289745,2026-08-02 01:07:33.641463040,12,12276,130,361
19.14599,-82.746754,2026-08-02 01:07:40.122679808,12,6443,249,182
55.427734,-63.146766,2026-08-02 01:07:40.312315904,12,4417,196,57
57.464734,31.683866,2026-08-02 01:07:59.914630912,12,11119,252,19
29.119369,-78.679828,2026-08-02 01:08:03.855862272,12,11554,250,239
56.612807,30.807564,2026-08-02 01:08:05.572494336,12,11580,122,128
56.60862,30.83722,2026-08-02 01:08:05.572492544,12,9596,241,134
56.640622,30.700538,2026-08-02 01:08:05.588443392,12,14041,138,66
52.250847,24.311036,2026-08-02 01:08:12.769159168,12,4837,239,268
65.670168,42.233335,2026-08-02 01:15:08.751165440,1,5158,263,99
38.158614,-84.15321,2026-08-02 01:15:20.784355584,1,8145,173,32
38.15073,-84.140113,2026-08-02 01:15:20.937932032,1,8626,197,33
38.145104,-84.137804,2026-08-02 01:15:21.106051072,1,8547,140,29
33.068095,-86.035474,2026-08-02 01:15:21.683286784,1,12870,119,26
33.066835,-86.031914,2026-08-02 01:15:21.873434624,1,10532,119,29
19.129384,-82.774876,2026-08-02 01:15:31.85886976,1,8764,249,33
33.710262,-87.985526,2026-08-02 01:15:54.120205056,1,12457,103,33
17.359048,105.120494,2026-08-02 01:15:05.612452096,2,14405,263,21
41.776921,124.676109,2026-08-02 01:15:16.137213184,2,9130,172,25
18.546869,111.995246,2026-08-02 01:15:19.798346752,2,8068,231,23
36.291571,-81.775298,2026-08-02 01:15:06.104679680,3,12957,204,52
36.193548,-81.453622,2026-08-02 01:15:06.104727552,3,9966,142,39
33.257913,-85.886641,2026-08-02 01:15:06.187751424,3,6733,249,26
33.292591,-85.776328,2026-08-02 01:15:06.333846272,3,12018,111,32
33.420842,-85.715863,2026-08-02 01:15:06.333901568,3,8049,262,17
32.82518,-89.920408,2026-08-02 01:15:08.485102336,3,13941,185,37
33.08568,-89.98291,2026-08-02 01:15:08.485188352,3,9790,231,24
24.27138,-105.973974,2026-08-02 01:15:09.216650240,3,13221,188,61
24.404162,-105.947329,2026-08-02 01:15:09.216732416,3,14647,245,48
34.547028,-85.783729,2026-08-02 01:15:10.217316096,3,11348,195,21
38.141366,-84.178666,2026-08-02 01:15:20.784346368,3,10433,113,82
38.172198,-84.149714,2026-08-02 01:15:20.784359424,3,7023,180,73
38.188893,-84.151704,2026-08-02 01:15:20.784368128,3,10036,225,54
38.195944,-84.145558,2026-08-02 01:15:20.784374272,3,9589,97,38
38.14262,-84.150801,2026-08-02 01:15:20.784391936,3,14303,123,24
38.120858,-84.162406,2026-08-02 01:15:20.937912320,3,8660,146,17
38.167618,-84.137765,2026-08-02 01:15:20.937934848,3,3077,204,73
38.183947,-84.130764,2026-08-02 01:15:20.937940992,3,4669,234,60
38.182165,-84.133692,2026-08-02 01:15:20.937939968,3,6682,130,47
38.137504,-84.161908,2026-08-02 01:15:20.937970688,3,6299,128,34
38.127856,-84.17936,2026-08-02 01:15:20.984513792,3,6727,225,22
38.113833,-84.133996,2026-08-02 01:15:21.106042368,3,7914,67,87
38.14856,-84.121497,2026-08-02 01:15:21.106055424,3,4361,204,72
38.215762,-84.125174,2026-08-02 01:15:21.106077440,3,5192,250,57
38.179242,-84.144116,2026-08-02 01:15:21.106060544,3,6998,129,44
32.738985,-109.475009,2026-08-02 01:15:29.666477568,3,14685,98,44
32.709023,-109.442992,2026-08-02 01:15:29.666477056,3,5326,197,32
35.175302,-84.687563,2026-08-02 01:15:38.754148352,3,9857,115,62
35.12521,-84.631582,2026-08-02 01:15:38.754150400,3,8387,197,50
35.044939,-84.660655,2026-08-02 01:15:38.754163968,3,10632,195,37
33.691672,-88.092963,2026-08-02 01:15:55.98341632,3,10335,101,26
57.562372,30.763875,2026-08-02 01:15:01.961725696,4,8277,226,46
17.359048,105.120494,2026-08-02 01:15:05.612452096,4,14405,263,20
41.776986,124.675651,2026-08-02 01:15:16.137212928,4,9122,172,25
18.546869,111.995246,2026-08-02 01:15:19.798346752,4,8068,231,23
38.104387,-84.152307,2026-08-02 01:15:21.106041600,4,13828,76,19
27.951044,-72.321083,2026-08-02 01:15:27.814204928,7,2718,250,17
19.168671,-82.782678,2026-08-02 01:15:31.85904896,7,5149,265,24
22.097791,-81.826302,2026-08-02 01:15:31.87041280,7,14145,267,12
26.908483,-64.653726,2026-08-02 01:15:47.444327936,7,11707,228,14
41.778962,124.661688,2026-08-02 01:15:16.137209344,9,8880,174,27
41.7847,124.692672,2026-08-02 01:15:16.137220352,9,8212,172,16
51.056491,110.062389,2026-08-02 01:15:20.186471168,9,9311,193,24
18.712505,112.340816,2026-08-02 01:15:40.162095360,9,8955,241,21
50.978503,109.645256,2026-08-02 01:15:57.410225152,9,7386,221,18
53.843101,113.459106,2026-08-02 01:16:00.49389568,9,14462,217,19
38.573954,-84.064539,2026-08-02 01:15:00.114644480,13,13527,222,36
58.731997,-113.476092,2026-08-02 01:15:01.76696064,13,13899,243,54
38.231065,-84.091574,2026-08-02 01:15:02.913992448,13,9724,180,19
33.684439,-86.607177,2026-08-02 01:15:04.192990208,13,10398,185,57
33.560475,-86.663644,2026-08-02 01:15:04.192990976,13,10137,194,55
33.664396,-86.678173,2026-08-02 01:15:04.294677248,13,6619,109,30
33.719511,-86.64125,2026-08-02 01:15:04.294737920,13,5815,259,31
36.291571,-81.775298,2026-08-02 01:15:06.104679680,13,12956,204,55
36.193548,-81.453622,2026-08-02 01:15:06.104727552,13,9966,142,42
33.257691,-85.886853,2026-08-02 01:15:06.187751424,13,6730,249,25
33.366137,-85.837632,2026-08-02 01:15:06.333859072,13,6927,199,31
33.385527,-85.722393,2026-08-02 01:15:06.333889792,13,9722,262,18
33.058571,-89.972495,2026-08-02 01:15:08.485191168,13,13489,228,36
24.25764,-105.973785,2026-08-02 01:15:09.216646400,13,14012,188,74
35.111791,-84.454271,2026-08-02 01:15:11.157784832,13,11476,198,40
35.084477,-84.41561,2026-08-02 01:15:11.157841408,13,7928,195,29
32.778808,-109.512795,2026-08-02 01:15:13.941583616,13,12601,137,27
18.894097,-86.779379,2026-08-02 01:15:14.68602112,13,8998,236,34
18.836493,-86.772788,2026-08-02 01:15:14.159749376,13,6342,234,26
38.131115,-84.166445,2026-08-02 01:15:20.784349184,13,11007,93,64
38.17518,-84.154298,2026-08-02 01:15:20.784365056,13,11516,204,66
38.197481,-84.158947,2026-08-02 01:15:20.784381696,13,13190,94,48
38.110115,-84.12645,2026-08-02 01:15:20.937922048,13,13165,83,42
38.182153,-84.133695,2026-08-02 01:15:20.937940736,13,6683,131,55
38.114915,-84.143033,2026-08-02 01:15:20.937968384,13,8551,104,40
38.153505,-84.124079,2026-08-02 01:15:21.106050048,13,9574,180,37
38.147774,-84.120827,2026-08-02 01:15:21.106052096,13,6454,216,65
38.178952,-84.142872,2026-08-02 01:15:21.106063104,13,10855,129,51
33.134461,-86.000788,2026-08-02 01:15:21.636601088,13,11264,113,41
33.134246,-86.020745,2026-08-02 01:15:21.683270144,13,7922,109,67
33.06582,-86.045848,2026-08-02 01:15:21.683285248,13,7523,110,54
40.368312,-83.244849,2026-08-02 01:15:22.883233536,13,5554,195,29
40.310095,-83.304126,2026-08-02 01:15:22.883268096,13,14491,91,24
40.180919,-83.770275,2026-08-02 01:15:24.671690240,13,6590,170,36
33.762385,-87.904825,2026-08-02 01:15:25.473816576,13,14916,107,26
28.41197,-109.388541,2026-08-02 01:15:26.332438784,13,9345,235,38
24.646666,-101.786552,2026-08-02 01:15:26.916358400,13,4441,253,56
27.903366,-72.264527,2026-08-02 01:15:27.814188288,13,10645,203,62
32.739021,-109.474977,2026-08-02 01:15:29.666477568,13,14684,98,44
19.142321,-82.786284,2026-08-02 01:15:31.85899008,13,6627,267,70
27.070488,-80.567557,2026-08-02 01:15:31.88923648,13,13692,263,62
25.988665,-84.368505,2026-08-02 01:15:35.982056704,13,9078,270,19
35.175282,-84.687581,2026-08-02 01:15:38.754148352,13,9857,115,65
35.125238,-84.63162,2026-08-02 01:15:38.754150400,13,8390,197,52
35.160331,-84.746734,2026-08-02 01:15:38.754184192,13,12305,194,39
27.869498,-108.508732,2026-08-02 01:15:41.393346048,13,5981,234,77
56.834384,-113.234607,2026-08-02 01:15:41.915901952,13,14936,201,19
33.335064,-85.639562,2026-08-02 01:15:42.355224064,13,13359,110,27
33.352255,-105.74718,2026-08-02 01:15:43.2382336,13,13327,145,40
27.182628,-107.754656,2026-08-02 01:15:44.659826688,13,14110,244,32
31.00128,-66.784111,2026-08-02 01:15:47.445991936,13,12563,268,44
28.681536,-78.692809,2026-08-02 01:15:48.705176576,13,6898,182,27
37.43807,-84.532185,2026-08-02 01:15:50.438722560,13,11308,176,27
37.425044,-84.565681,2026-08-02 01:15:50.438699264,13,14610,138,19
57.707744,-112.831978,2026-08-02 01:15:51.50518528,13,13828,236,27
36.187258,-84.280876,2026-08-02 01:15:52.615450112,13,11817,125,52
36.269674,-84.283352,2026-08-02 01:15:52.615476992,13,7751,141,47
36.21574,-84.393166,2026-08-02 01:15:52.615490816,13,9440,148,35
40.917766,-83.916685,2026-08-02 01:15:53.138972672,13,9470,125,67
40.93235,-83.925256,2026-08-02 01:15:53.138985216,13,8089,179,52
33.709757,-87.991254,2026-08-02 01:15:54.120211968,13,7619,111,37
33.789536,-87.981259,2026-08-02 01:15:54.120235776,13,9938,181,73
33.640738,-88.008551,2026-08-02 01:15:54.295680768,13,12924,103,26
33.704194,-87.974824,2026-08-02 01:15:54.414365696,13,7340,99,31
33.319254,-88.915788,2026-08-02 01:15:59.5321728,13,14593,113,57
32.80432,-109.443608,2026-08-02 01:16:01.546671616,13,11306,96,90
32.701586,-109.469433,2026-08-02 01:16:01.546679296,13,5381,196,78
28.227386,-78.901699,2026-08-02 01:16:02.402629376,13,6273,183,29
34.875091,-85.50582,2026-08-02 01:16:03.111855616,13,13950,106,26
34.286068,-85.969965,2026-08-02 01:16:04.186746112,13,4891,149,55
34.272138,-86.079955,2026-08-02 01:16:04.186787328,13,7480,108,42
34.393084,-86.039225,2026-08-02 01:16:04.186824192,13,3348,231,29
34.28075,-86.036185,2026-08-02 01:16:04.280298496,13,9164,194,34
34.31616,-86.095487,2026-08-02 01:16:04.280356608,13,6933,242,28
34.372861,-86.039926,2026-08-02 01:16:04.794631680,13,4328,256,20
33.317704,-106.896361,2026-08-02 01:16:05.790314752,13,12411,110,21
32.950984,-85.966624,2026-08-02 01:16:07.176662272,13,11488,139,42
33.088226,-86.014023,2026-08-02 01:16:07.176760320,13,6655,206,26
32.89909,-86.057333,2026-08-02 01:16:07.304046336,13,11257,118,26
39.495319,-84.207793,2026-08-02 01:16:07.530545152,13,12580,152,26
39.504168,-84.194878,2026-08-02 01:16:07.597988096,13,11893,152,24
34.80964,-85.53777,2026-08-02 01:16:09.592933888,13,13250,85,52
34.807916,-85.667829,2026-08-02 01:16:09.592980480,13,5946,253,34
56.913923,-113.035579,2026-08-02 01:16:10.558059008,13,12830,255,42
18.546911,111.995299,2026-08-02 01:15:19.798346752,14,8068,231,25
57.573002,30.660261,2026-08-02 01:15:01.961733376,11,5564,118,519
33.594611,-86.690423,2026-08-02 01:15:04.193003264,11,10628,115,27
53.787118,25.725247,2026-08-02 01:15:15.235011584,11,8760,183,138
53.795679,25.754576,2026-08-02 01:15:15.235015168,11,7909,194,203
57.384291,31.703155,2026-08-02 01:15:52.832532224,11,10709,227,206
57.573002,30.660261,2026-08-02 01:15:01.961733376,12,5564,118,519
33.507049,-86.721087,2026-08-02 01:15:04.192969216,12,13908,189,26
53.788755,25.70603,2026-08-02 01:15:15.235013120,12,6721,149,139
53.793228,25.76446,2026-08-02 01:15:15.235002624,12,12582,178,206
53.793611,25.784643,2026-08-02 01:15:15.235015680,12,13690,178,190
28.125315,-72.600185,2026-08-02 01:15:27.814287360,12,12447,191,148
57.384291,31.703155,2026-08-02 01:15:52.832532224,12,10709,227,206
